filename,prediction,confidence,prob_fire,prob_no_fire
point_2466.png,Fire,0.9999591112136841,0.9999591112136841,4.0847146010492e-05
point_1421.png,No_Fire,0.9899553060531616,0.010044707916676998,0.9899553060531616
point_4551.png,No_Fire,0.9997203946113586,0.00027957718702964485,0.9997203946113586
point_4400.png,No_Fire,0.9941669702529907,0.005832974333316088,0.9941669702529907
point_4338.png,No_Fire,0.9982865452766418,0.0017134781228378415,0.9982865452766418
point_518.png,No_Fire,0.9999622106552124,3.773412390728481e-05,0.9999622106552124
point_537.png,No_Fire,0.9988963603973389,0.001103622606024146,0.9988963603973389
point_1753.png,No_Fire,0.9932175278663635,0.006782521028071642,0.9932175278663635
point_5559.png,No_Fire,0.9999964237213135,3.5886150726582855e-06,0.9999964237213135
point_554.png,No_Fire,0.9979514479637146,0.0020485909190028906,0.9979514479637146
point_1067.png,No_Fire,0.990734338760376,0.009265640750527382,0.990734338760376
point_6087.png,No_Fire,0.9993917942047119,0.0006081585306674242,0.9993917942047119
point_2007.png,No_Fire,0.9779555201530457,0.02204449474811554,0.9779555201530457
point_5267.png,No_Fire,0.994390070438385,0.005609903484582901,0.994390070438385
point_2886.png,No_Fire,0.9999128580093384,8.714992145542055e-05,0.9999128580093384
point_5611.png,No_Fire,0.9987629652023315,0.00123701267875731,0.9987629652023315
point_1408.png,No_Fire,0.9966548681259155,0.003345157252624631,0.9966548681259155
point_696.png,No_Fire,0.9999152421951294,8.479640382574871e-05,0.9999152421951294
point_6243.png,No_Fire,0.9931655526161194,0.006834407337009907,0.9931655526161194
point_3283.png,No_Fire,0.9911076426506042,0.00889243558049202,0.9911076426506042
point_31.png,No_Fire,0.9976015686988831,0.002398434793576598,0.9976015686988831
point_3744.png,No_Fire,0.9990405440330505,0.000959462602622807,0.9990405440330505
point_2873.png,No_Fire,0.9999933242797852,6.6600532591110095e-06,0.9999933242797852
point_1513.png,No_Fire,0.9996461868286133,0.0003538320306688547,0.9996461868286133
point_4169.png,No_Fire,0.9969339370727539,0.00306609645485878,0.9969339370727539
point_3277.png,No_Fire,0.9945567846298218,0.005443274974822998,0.9945567846298218
point_4122.png,No_Fire,0.9998960494995117,0.00010389005910838023,0.9998960494995117
point_523.png,No_Fire,0.9994076490402222,0.0005924064316786826,0.9994076490402222
point_5781.png,No_Fire,0.9893146753311157,0.010685357265174389,0.9893146753311157
point_4123.png,No_Fire,0.9999654293060303,3.459747676970437e-05,0.9999654293060303
point_30.png,No_Fire,0.9973832964897156,0.0026167251635342836,0.9973832964897156
point_2825.png,No_Fire,0.999991774559021,8.170606633939315e-06,0.999991774559021
point_2894.png,No_Fire,0.9963750243186951,0.003624933771789074,0.9963750243186951
point_1174.png,No_Fire,0.9979567527770996,0.0020432265009731054,0.9979567527770996
point_980.png,No_Fire,0.9848102927207947,0.015189748257398605,0.9848102927207947
point_5618.png,No_Fire,0.995236337184906,0.004763652104884386,0.995236337184906
point_4048.png,No_Fire,0.9872426986694336,0.01275727804750204,0.9872426986694336
point_2932.png,No_Fire,0.9942001104354858,0.005799964070320129,0.9942001104354858
point_469.png,No_Fire,0.9970172643661499,0.0029827323742210865,0.9970172643661499
point_1400.png,No_Fire,0.9997842907905579,0.00021574545826297253,0.9997842907905579
point_2301.png,No_Fire,0.9993945360183716,0.0006054923287592828,0.9993945360183716
point_3054.png,No_Fire,0.9985061287879944,0.0014937856467440724,0.9985061287879944
point_3747.png,No_Fire,0.9988456964492798,0.001154228812083602,0.9988456964492798
point_5875.png,No_Fire,0.996954083442688,0.0030459214467555285,0.996954083442688
point_4339.png,No_Fire,0.9968829154968262,0.003117065876722336,0.9968829154968262
point_474.png,No_Fire,0.9984678626060486,0.0015320515958592296,0.9984678626060486
point_2055.png,No_Fire,0.9916383624076843,0.008361627347767353,0.9916383624076843
point_3383.png,No_Fire,0.9982219338417053,0.0017780852504074574,0.9982219338417053
point_524.png,No_Fire,0.995794415473938,0.004205549135804176,0.995794415473938
point_1972.png,No_Fire,0.9921080470085144,0.00789199210703373,0.9921080470085144
point_4213.png,No_Fire,0.9968132376670837,0.0031867327634245157,0.9968132376670837
point_514.png,No_Fire,0.9975125789642334,0.0024874559603631496,0.9975125789642334
point_2460.png,No_Fire,0.9995438456535339,0.000456153298728168,0.9995438456535339
point_6291.png,No_Fire,0.999942421913147,5.754026278737001e-05,0.999942421913147
point_1212.png,No_Fire,0.9986907839775085,0.0013092346489429474,0.9986907839775085
point_1941.png,No_Fire,0.9999827146530151,1.723686364130117e-05,0.9999827146530151
point_5700.png,No_Fire,0.9999903440475464,9.65783419815125e-06,0.9999903440475464
point_1881.png,No_Fire,0.9998207688331604,0.00017921531980391592,0.9998207688331604
point_5987.png,No_Fire,0.9957107305526733,0.004289256874471903,0.9957107305526733
point_3740.png,No_Fire,0.9944190382957458,0.005580989643931389,0.9944190382957458
point_1562.png,No_Fire,0.9989469647407532,0.0010530042927712202,0.9989469647407532
point_4041.png,No_Fire,0.9943861961364746,0.005613772664219141,0.9943861961364746
point_6492.png,No_Fire,0.9995782971382141,0.0004216544621158391,0.9995782971382141
point_4426.png,No_Fire,0.9921064376831055,0.007893574424088001,0.9921064376831055
point_2273.png,No_Fire,0.9998401403427124,0.00015982198237907141,0.9998401403427124
point_1875.png,No_Fire,0.9981920123100281,0.0018080066656693816,0.9981920123100281
point_1958.png,No_Fire,0.9855055212974548,0.014494470320641994,0.9855055212974548
point_4170.png,No_Fire,0.9969775676727295,0.0030224001966416836,0.9969775676727295
point_2129.png,No_Fire,0.9952707886695862,0.004729197360575199,0.9952707886695862
point_3309.png,No_Fire,0.9985265731811523,0.0014733851421624422,0.9985265731811523
point_5159.png,No_Fire,0.9999978542327881,2.186865685871453e-06,0.9999978542327881
point_6165.png,No_Fire,0.9999985694885254,1.4503107195196208e-06,0.9999985694885254
point_5507.png,No_Fire,0.9976330995559692,0.0023668422363698483,0.9976330995559692
point_2522.png,No_Fire,0.9986380934715271,0.0013618803350254893,0.9986380934715271
point_2947.png,No_Fire,0.9999946355819702,5.420688921731198e-06,0.9999946355819702
point_2440.png,No_Fire,0.9955217838287354,0.004478225018829107,0.9955217838287354
point_5547.png,Fire,0.739507794380188,0.739507794380188,0.2604922652244568
point_2445.png,No_Fire,0.9999775886535645,2.2410398742067628e-05,0.9999775886535645
point_5979.png,No_Fire,0.999958872795105,4.1117280488833785e-05,0.999958872795105
point_25.png,No_Fire,0.999919056892395,8.095095836324617e-05,0.999919056892395
point_7348.png,No_Fire,0.9916211366653442,0.008378884755074978,0.9916211366653442
point_2153.png,No_Fire,0.9905422329902649,0.009457707405090332,0.9905422329902649
point_3739.png,No_Fire,0.9924792051315308,0.007520738523453474,0.9924792051315308
point_381.png,No_Fire,0.9999071359634399,9.287232387578115e-05,0.9999071359634399
point_5977.png,No_Fire,0.9978431463241577,0.002156876726076007,0.9978431463241577
point_3687.png,No_Fire,0.9960026144981384,0.003997355233877897,0.9960026144981384
point_3313.png,No_Fire,0.9969680905342102,0.0030319432262331247,0.9969680905342102
point_4457.png,No_Fire,0.9996185302734375,0.0003814529918599874,0.9996185302734375
point_1467.png,No_Fire,0.9906606078147888,0.009339393116533756,0.9906606078147888
point_3794.png,No_Fire,0.9994896650314331,0.0005102569120936096,0.9994896650314331
point_5974.png,No_Fire,0.9803675413131714,0.019632423296570778,0.9803675413131714
point_458.png,No_Fire,0.9885509610176086,0.011449065990746021,0.9885509610176086
point_3743.png,No_Fire,0.9980489015579224,0.0019511079881340265,0.9980489015579224
point_2937.png,No_Fire,0.9999953508377075,4.688418812293094e-06,0.9999953508377075
point_1194.png,No_Fire,0.9999897480010986,1.0216151167696808e-05,0.9999897480010986
point_1472.png,No_Fire,0.9949264526367188,0.005073500331491232,0.9949264526367188
point_4101.png,No_Fire,0.9998553991317749,0.00014459507656283677,0.9998553991317749
point_5621.png,No_Fire,0.9956270456314087,0.004372911527752876,0.9956270456314087
point_4257.png,No_Fire,0.999976396560669,2.3605709429830313e-05,0.999976396560669
point_2427.png,No_Fire,0.9963263869285583,0.003673568367958069,0.9963263869285583
point_2073.png,No_Fire,0.9983831644058228,0.0016168385045602918,0.9983831644058228
point_5080.png,No_Fire,0.9993771910667419,0.0006228966522030532,0.9993771910667419
point_1424.png,No_Fire,0.9874163269996643,0.01258374098688364,0.9874163269996643
point_3284.png,No_Fire,0.9950515627861023,0.004948481451719999,0.9950515627861023
point_1481.png,Fire,0.653643786907196,0.653643786907196,0.34635621309280396
point_4774.png,No_Fire,0.9994933605194092,0.000506567070260644,0.9994933605194092
point_1003.png,No_Fire,0.9999151229858398,8.486329898005351e-05,0.9999151229858398
point_3257.png,No_Fire,0.9962220191955566,0.003777971724048257,0.9962220191955566
point_506.png,No_Fire,0.9983153343200684,0.001684687566012144,0.9983153343200684
point_188.png,No_Fire,0.9993060827255249,0.0006939033046364784,0.9993060827255249
point_1529.png,No_Fire,0.995891809463501,0.004108182620257139,0.995891809463501
point_6604.png,No_Fire,0.9999661445617676,3.3809043088695034e-05,0.9999661445617676
point_5088.png,No_Fire,0.9970610737800598,0.0029389397241175175,0.9970610737800598
point_3130.png,No_Fire,0.9997066855430603,0.0002932464121840894,0.9997066855430603
point_542.png,No_Fire,0.9976477026939392,0.002352342940866947,0.9976477026939392
point_2904.png,No_Fire,0.9978289008140564,0.002171092201024294,0.9978289008140564
point_3619.png,No_Fire,0.9978336691856384,0.0021663589868694544,0.9978336691856384
point_2442.png,No_Fire,0.9098230004310608,0.09017697721719742,0.9098230004310608
point_1713.png,No_Fire,0.974187433719635,0.025812622159719467,0.974187433719635
point_2432.png,No_Fire,0.9988644123077393,0.0011356518371030688,0.9988644123077393
point_108.png,No_Fire,0.9999626874923706,3.730434400495142e-05,0.9999626874923706
point_1719.png,No_Fire,0.9970299005508423,0.0029701204039156437,0.9970299005508423
point_2173.png,No_Fire,0.9999707937240601,2.9149190595489927e-05,0.9999707937240601
point_6535.png,No_Fire,0.9983127117156982,0.0016872485866770148,0.9983127117156982
point_950.png,No_Fire,0.9914916157722473,0.008508389815688133,0.9914916157722473
point_3584.png,No_Fire,0.9981718063354492,0.0018281256780028343,0.9981718063354492
point_1056.png,No_Fire,0.9927843809127808,0.007215589284896851,0.9927843809127808
point_3587.png,No_Fire,0.9976034760475159,0.002396513009443879,0.9976034760475159
point_956.png,Fire,0.9953965544700623,0.9953965544700623,0.004603430163115263
point_3346.png,No_Fire,0.9988914132118225,0.001108550583012402,0.9988914132118225
point_3139.png,No_Fire,0.9943300485610962,0.005669969599694014,0.9943300485610962
point_686.png,No_Fire,0.9369924664497375,0.06300747394561768,0.9369924664497375
point_7188.png,No_Fire,0.9956761002540588,0.004323895554989576,0.9956761002540588
point_864.png,No_Fire,0.9940558671951294,0.00594411650672555,0.9940558671951294
point_5177.png,No_Fire,0.99320387840271,0.006796112284064293,0.99320387840271
point_4332.png,No_Fire,0.9991806149482727,0.0008193537942133844,0.9991806149482727
point_2162.png,No_Fire,0.9981946349143982,0.001805420033633709,0.9981946349143982
point_477.png,No_Fire,0.9986464381217957,0.0013535351026803255,0.9986464381217957
point_1289.png,No_Fire,0.9866151809692383,0.013384755700826645,0.9866151809692383
point_6163.png,No_Fire,0.9999958276748657,4.1928133214241825e-06,0.9999958276748657
point_6097.png,No_Fire,0.9999550580978394,4.493724918575026e-05,0.9999550580978394
point_4753.png,No_Fire,0.999337375164032,0.0006626074318774045,0.999337375164032
point_5746.png,No_Fire,0.9989225268363953,0.0010774249676615,0.9989225268363953
point_5391.png,Fire,0.7662258148193359,0.7662258148193359,0.23377418518066406
point_211.png,No_Fire,0.9936455488204956,0.00635441392660141,0.9936455488204956
point_1606.png,No_Fire,0.9947994947433472,0.0052004917524755,0.9947994947433472
point_3749.png,No_Fire,0.9963366985321045,0.0036632767878472805,0.9963366985321045
point_378.png,No_Fire,0.9994580149650574,0.0005420446977950633,0.9994580149650574
point_532.png,No_Fire,0.998559296131134,0.0014406876871362329,0.998559296131134
point_5983.png,No_Fire,0.9924871921539307,0.007512806914746761,0.9924871921539307
point_5175.png,No_Fire,0.9925323128700256,0.007467755116522312,0.9925323128700256
point_5882.png,No_Fire,0.9960464835166931,0.0039535388350486755,0.9960464835166931
point_6481.png,No_Fire,0.9939747452735901,0.006025260780006647,0.9939747452735901
point_3895.png,No_Fire,0.9999585151672363,4.142939724260941e-05,0.9999585151672363
point_3195.png,Fire,0.9886761903762817,0.9886761903762817,0.011323786340653896
point_4951.png,No_Fire,0.9536013603210449,0.04639868810772896,0.9536013603210449
point_3335.png,No_Fire,0.9999698400497437,3.010206091857981e-05,0.9999698400497437
point_2965.png,No_Fire,0.999896764755249,0.00010323463357053697,0.999896764755249
point_6545.png,No_Fire,0.9999748468399048,2.5161129087791778e-05,0.9999748468399048
point_388.png,No_Fire,0.9962969422340393,0.003703035181388259,0.9962969422340393
point_516.png,No_Fire,0.9993287324905396,0.0006713190814480186,0.9993287324905396
point_5364.png,No_Fire,0.9967323541641235,0.0032676805276423693,0.9967323541641235
point_4051.png,No_Fire,0.9918506741523743,0.008149300701916218,0.9918506741523743
point_1869.png,No_Fire,0.9985174536705017,0.001482567866332829,0.9985174536705017
point_4432.png,No_Fire,0.9999579191207886,4.2085401219082996e-05,0.9999579191207886
point_6171.png,No_Fire,0.9999947547912598,5.244466137810377e-06,0.9999947547912598
point_796.png,No_Fire,0.9875471591949463,0.012452802620828152,0.9875471591949463
point_3760.png,No_Fire,0.9967568516731262,0.003243175568059087,0.9967568516731262
point_2093.png,No_Fire,0.9999765157699585,2.3450955268344842e-05,0.9999765157699585
point_247.png,No_Fire,0.9998654127120972,0.00013460202899295837,0.9998654127120972
point_2205.png,No_Fire,0.9992777705192566,0.0007223013672046363,0.9992777705192566
point_3241.png,No_Fire,0.9949536919593811,0.005046239588409662,0.9949536919593811
point_2956.png,No_Fire,0.9977262616157532,0.0022737763356417418,0.9977262616157532
point_1693.png,No_Fire,0.9999880790710449,1.1879845260409638e-05,0.9999880790710449
point_1533.png,No_Fire,0.9972425699234009,0.002757463837042451,0.9972425699234009
point_2429.png,No_Fire,0.9996856451034546,0.00031434083939529955,0.9996856451034546
point_7925.png,No_Fire,0.9933364391326904,0.0066636172123253345,0.9933364391326904
point_6622.png,No_Fire,0.9999545812606812,4.543962495517917e-05,0.9999545812606812
point_6181.png,No_Fire,0.9968505501747131,0.003149451920762658,0.9968505501747131
point_5999.png,No_Fire,0.9999961853027344,3.7726970276708016e-06,0.9999961853027344
point_6502.png,No_Fire,0.9998213648796082,0.00017871125601232052,0.9998213648796082
point_6534.png,No_Fire,0.9989714622497559,0.0010286098113283515,0.9989714622497559
point_4094.png,No_Fire,0.9999679327011108,3.207322515663691e-05,0.9999679327011108
point_5975.png,No_Fire,0.9588978290557861,0.04110219329595566,0.9588978290557861
point_6524.png,No_Fire,0.9990247488021851,0.0009752584737725556,0.9990247488021851
point_5563.png,No_Fire,0.9999964237213135,3.518993253237568e-06,0.9999964237213135
point_4104.png,No_Fire,0.9992238283157349,0.0007761365850456059,0.9992238283157349
point_933.png,No_Fire,0.9990623593330383,0.000937668839469552,0.9990623593330383
point_2934.png,No_Fire,0.9999825954437256,1.7453256077715196e-05,0.9999825954437256
point_3956.png,No_Fire,0.9955839514732361,0.004416065290570259,0.9955839514732361
point_1540.png,No_Fire,0.9962320923805237,0.003767936723306775,0.9962320923805237
point_5449.png,No_Fire,0.9987666606903076,0.0012333473423495889,0.9987666606903076
point_3290.png,No_Fire,0.9983919262886047,0.0016080837231129408,0.9983919262886047
point_3707.png,No_Fire,0.9996069073677063,0.00039308943087235093,0.9996069073677063
point_5712.png,No_Fire,0.9797676801681519,0.02023230493068695,0.9797676801681519
point_2128.png,No_Fire,0.9942752718925476,0.005724682472646236,0.9942752718925476
point_1601.png,No_Fire,0.9999891519546509,1.0804959856614005e-05,0.9999891519546509
point_3227.png,No_Fire,0.9999923706054688,7.610830380144762e-06,0.9999923706054688
point_903.png,No_Fire,0.997306227684021,0.002693739952519536,0.997306227684021
point_5994.png,No_Fire,0.9999773502349854,2.2629192244494334e-05,0.9999773502349854
point_3583.png,No_Fire,0.9988710284233093,0.0011289514368399978,0.9988710284233093
point_4337.png,No_Fire,0.9986833930015564,0.0013166042044758797,0.9986833930015564
point_4320.png,No_Fire,0.999322772026062,0.0006772102788090706,0.999322772026062
point_4665.png,No_Fire,0.9998422861099243,0.00015773589257150888,0.9998422861099243
point_1201.png,No_Fire,0.9990476965904236,0.0009522788459435105,0.9990476965904236
point_2079.png,No_Fire,0.9964775443077087,0.0035224626772105694,0.9964775443077087
point_3748.png,No_Fire,0.9992223978042603,0.0007776056881994009,0.9992223978042603
point_5100.png,No_Fire,0.9998735189437866,0.00012647277617361397,0.9998735189437866
point_4215.png,No_Fire,0.9994173049926758,0.0005827250424772501,0.9994173049926758
point_4091.png,No_Fire,0.9986306428909302,0.0013693684013560414,0.9986306428909302
point_5973.png,No_Fire,0.9998728036880493,0.00012721421080641448,0.9998728036880493
point_6166.png,No_Fire,0.9999916553497314,8.334665835718624e-06,0.9999916553497314
point_1695.png,No_Fire,0.9985138773918152,0.0014860902447253466,0.9985138773918152
point_6176.png,No_Fire,0.9997174143791199,0.0002825750852935016,0.9997174143791199
point_7923.png,No_Fire,0.9982489347457886,0.0017510349862277508,0.9982489347457886
point_3527.png,No_Fire,0.9999994039535522,6.303819191089133e-07,0.9999994039535522
point_1536.png,No_Fire,0.9993764758110046,0.000623562722466886,0.9993764758110046
point_3710.png,No_Fire,0.9973561763763428,0.00264389137737453,0.9973561763763428
point_2022.png,Fire,0.9921985268592834,0.9921985268592834,0.007801443804055452
point_3336.png,No_Fire,0.9999809265136719,1.9059029000345618e-05,0.9999809265136719
point_2953.png,No_Fire,0.987444281578064,0.012555687688291073,0.987444281578064
point_4314.png,No_Fire,0.9991891980171204,0.0008107653702609241,0.9991891980171204
point_2178.png,No_Fire,0.9707053899765015,0.029294578358530998,0.9707053899765015
point_1287.png,No_Fire,0.9962887763977051,0.0037111928686499596,0.9962887763977051
point_1703.png,No_Fire,0.9992249011993408,0.000775099964812398,0.9992249011993408
point_7998.png,No_Fire,0.9776178002357483,0.02238219790160656,0.9776178002357483
point_3278.png,No_Fire,0.9958803653717041,0.00411967420950532,0.9958803653717041
point_669.png,No_Fire,0.997372031211853,0.002627946902066469,0.997372031211853
point_1157.png,Fire,0.7124061584472656,0.7124061584472656,0.28759390115737915
point_536.png,No_Fire,0.9980449676513672,0.0019550032448023558,0.9980449676513672
point_6609.png,No_Fire,0.9950620532035828,0.004937947727739811,0.9950620532035828
point_5321.png,No_Fire,0.9986199140548706,0.001380067435093224,0.9986199140548706
point_668.png,No_Fire,0.9988422989845276,0.0011577853001654148,0.9988422989845276
point_1534.png,No_Fire,0.9991843104362488,0.0008157368283718824,0.9991843104362488
point_5953.png,No_Fire,0.9988133907318115,0.0011865743435919285,0.9988133907318115
point_5519.png,No_Fire,0.9987381100654602,0.0012618688633665442,0.9987381100654602
point_181.png,No_Fire,0.99695885181427,0.003041161224246025,0.99695885181427
point_501.png,No_Fire,0.9991357922554016,0.0008642784086987376,0.9991357922554016
point_6164.png,No_Fire,0.9999978542327881,2.0897646209050436e-06,0.9999978542327881
point_375.png,No_Fire,0.999560534954071,0.0004394791612867266,0.999560534954071
point_1429.png,No_Fire,0.9985657334327698,0.0014342840295284986,0.9985657334327698
point_3333.png,No_Fire,0.9999547004699707,4.526389966486022e-05,0.9999547004699707
point_5876.png,No_Fire,0.9986121654510498,0.0013878372265025973,0.9986121654510498
point_993.png,No_Fire,0.9998997449874878,0.00010021583148045465,0.9998997449874878
point_4421.png,No_Fire,0.998162567615509,0.0018374581122770905,0.998162567615509
point_4773.png,No_Fire,0.9984306693077087,0.0015692799352109432,0.9984306693077087
point_2839.png,No_Fire,0.9977503418922424,0.002249639481306076,0.9977503418922424
point_1106.png,No_Fire,0.9985904097557068,0.0014095488004386425,0.9985904097557068
point_4443.png,No_Fire,0.9999780654907227,2.194622538809199e-05,0.9999780654907227
point_6539.png,No_Fire,0.9999452829360962,5.4733562137698755e-05,0.9999452829360962
point_4340.png,No_Fire,0.9975300431251526,0.0024700395297259092,0.9975300431251526
point_2468.png,Fire,0.999613344669342,0.999613344669342,0.0003866906918119639
point_4363.png,No_Fire,0.9968231916427612,0.0031768567860126495,0.9968231916427612
point_3811.png,No_Fire,0.9992368221282959,0.0007632286287844181,0.9992368221282959
point_4402.png,No_Fire,0.9998291730880737,0.00017082928388845176,0.9998291730880737
point_2959.png,No_Fire,0.9997724890708923,0.00022752792574465275,0.9997724890708923
point_548.png,No_Fire,0.9956775307655334,0.004322501830756664,0.9956775307655334
point_144.png,No_Fire,0.9998321533203125,0.0001677881955401972,0.9998321533203125
point_2401.png,No_Fire,0.9999376535415649,6.236276385607198e-05,0.9999376535415649
point_6242.png,No_Fire,0.9972769618034363,0.0027230107225477695,0.9972769618034363
point_248.png,No_Fire,0.988745391368866,0.011254612356424332,0.988745391368866
point_3260.png,No_Fire,0.9997515082359314,0.000248450058279559,0.9997515082359314
point_2433.png,No_Fire,0.9995998740196228,0.00040014926344156265,0.9995998740196228
point_6591.png,No_Fire,0.9988248944282532,0.0011750544654205441,0.9988248944282532
point_382.png,No_Fire,0.9988850951194763,0.001114890561439097,0.9988850951194763
point_567.png,No_Fire,0.9999337196350098,6.624750676564872e-05,0.9999337196350098
point_749.png,No_Fire,0.9926160573959351,0.007383973803371191,0.9926160573959351
point_3883.png,Fire,0.9998525381088257,0.9998525381088257,0.00014742754865437746
point_1576.png,No_Fire,0.9982596039772034,0.0017403904348611832,0.9982596039772034
point_3289.png,No_Fire,0.9919740557670593,0.00802596379071474,0.9919740557670593
point_5451.png,No_Fire,0.9968416690826416,0.003158373525366187,0.9968416690826416
point_5612.png,No_Fire,0.9925695061683655,0.007430492900311947,0.9925695061683655
point_3822.png,No_Fire,0.9987847208976746,0.0012152332346886396,0.9987847208976746
point_5423.png,No_Fire,0.9959357976913452,0.004064181353896856,0.9959357976913452
point_5668.png,No_Fire,0.9957375526428223,0.004262387286871672,0.9957375526428223
point_5945.png,No_Fire,0.9904272556304932,0.009572726674377918,0.9904272556304932
point_1716.png,No_Fire,0.9957486987113953,0.004251384641975164,0.9957486987113953
point_6602.png,No_Fire,0.9983488321304321,0.0016512178117409348,0.9983488321304321
point_1539.png,No_Fire,0.9984598159790039,0.0015401461860165,0.9984598159790039
point_6358.png,No_Fire,0.997259259223938,0.00274066673591733,0.997259259223938
point_4673.png,No_Fire,0.9998958110809326,0.00010419892350910231,0.9998958110809326
point_3454.png,No_Fire,0.9995235204696655,0.0004764529876410961,0.9995235204696655
point_4102.png,No_Fire,0.9998753070831299,0.00012463981693144888,0.9998753070831299
point_6608.png,No_Fire,0.996264636516571,0.0037353436928242445,0.996264636516571
point_2300.png,No_Fire,0.9593284726142883,0.04067147523164749,0.9593284726142883
point_6491.png,No_Fire,0.999876856803894,0.00012307096039876342,0.999876856803894
point_5522.png,No_Fire,0.9995496869087219,0.00045025593135505915,0.9995496869087219
point_2461.png,Fire,0.9702826738357544,0.9702826738357544,0.029717372730374336
point_6835.png,No_Fire,0.9790492057800293,0.020950842648744583,0.9790492057800293
point_2946.png,No_Fire,0.9999568462371826,4.3155425373697653e-05,0.9999568462371826
point_3885.png,No_Fire,0.9977678060531616,0.0022322330623865128,0.9977678060531616
point_4343.png,No_Fire,0.9994895458221436,0.0005104048177599907,0.9994895458221436
point_1048.png,No_Fire,0.9999858140945435,1.4130079762253445e-05,0.9999858140945435
point_6363.png,Fire,0.9999591112136841,0.9999591112136841,4.087122579221614e-05
point_1959.png,No_Fire,0.9999985694885254,1.3972277201901306e-06,0.9999985694885254
point_1952.png,No_Fire,0.9999680519104004,3.194983219145797e-05,0.9999680519104004
point_1196.png,No_Fire,0.9965314269065857,0.003468638053163886,0.9965314269065857
point_5564.png,No_Fire,0.9999923706054688,7.67439360060962e-06,0.9999923706054688
point_5992.png,Fire,0.942531406879425,0.942531406879425,0.05746857821941376
point_6260.png,No_Fire,0.9962543249130249,0.00374571792781353,0.9962543249130249
point_1938.png,No_Fire,0.9999935626983643,6.4535711317148525e-06,0.9999935626983643
point_3133.png,No_Fire,0.9992256164550781,0.0007743617170490324,0.9992256164550781
point_5448.png,No_Fire,0.9913642406463623,0.008635804988443851,0.9913642406463623
point_1563.png,No_Fire,0.9971508383750916,0.0028492228593677282,0.9971508383750916
point_5555.png,Fire,0.9999896287918091,0.9999896287918091,1.0415867109259125e-05
point_557.png,No_Fire,0.9991725087165833,0.0008274082792922854,0.9991725087165833
point_2467.png,Fire,0.9966553449630737,0.9966553449630737,0.003344667609781027
point_7446.png,No_Fire,0.999035120010376,0.0009648582199588418,0.999035120010376
point_2831.png,No_Fire,0.9999855756759644,1.438397157471627e-05,0.9999855756759644
point_5944.png,No_Fire,0.9989956021308899,0.0010044039227068424,0.9989956021308899
point_6320.png,No_Fire,0.9961451292037964,0.003854841459542513,0.9961451292037964
point_5981.png,No_Fire,0.9963988065719604,0.0036011983174830675,0.9963988065719604
point_223.png,No_Fire,0.9968950748443604,0.0031049291137605906,0.9968950748443604
point_5984.png,No_Fire,0.9957230091094971,0.004276979248970747,0.9957230091094971
point_386.png,No_Fire,0.9999926090240479,7.350856776611181e-06,0.9999926090240479
point_500.png,No_Fire,0.999870777130127,0.00012918647553306073,0.999870777130127
point_3709.png,No_Fire,0.9977511763572693,0.002248848555609584,0.9977511763572693
point_3476.png,No_Fire,0.9950792789459229,0.004920696374028921,0.9950792789459229
point_3086.png,No_Fire,0.999413013458252,0.0005869428860023618,0.999413013458252
point_1251.png,No_Fire,0.9955079555511475,0.0044920616783201694,0.9955079555511475
point_2206.png,No_Fire,0.9951332211494446,0.004866807721555233,0.9951332211494446
point_4747.png,No_Fire,0.9930818676948547,0.006918188650161028,0.9930818676948547
point_995.png,No_Fire,0.9998394250869751,0.00016052347200457007,0.9998394250869751
point_4329.png,No_Fire,0.9994786381721497,0.0005213718395680189,0.9994786381721497
point_2209.png,No_Fire,0.9995573163032532,0.0004426070663612336,0.9995573163032532
point_5153.png,No_Fire,0.9997254014015198,0.0002745732490438968,0.9997254014015198
point_1560.png,No_Fire,0.9977301955223083,0.0022698661778122187,0.9977301955223083
point_6281.png,No_Fire,0.9925761222839355,0.007423927076160908,0.9925761222839355
point_5491.png,No_Fire,0.9987911581993103,0.0012089031515643,0.9987911581993103
point_5941.png,No_Fire,0.9999933242797852,6.663058229605667e-06,0.9999933242797852
point_3734.png,No_Fire,0.9990962743759155,0.0009037649142555892,0.9990962743759155
point_4942.png,No_Fire,0.9996646642684937,0.000335327087668702,0.9996646642684937
point_521.png,No_Fire,0.9953992962837219,0.004600677639245987,0.9953992962837219
point_5362.png,No_Fire,0.9972031116485596,0.002796934451907873,0.9972031116485596
point_5662.png,No_Fire,0.998372495174408,0.0016275545349344611,0.998372495174408
point_5326.png,No_Fire,0.9953719973564148,0.004628022201359272,0.9953719973564148
point_1211.png,No_Fire,0.9992995262145996,0.0007004851941019297,0.9992995262145996
point_3455.png,No_Fire,0.9987554550170898,0.001244500046595931,0.9987554550170898
point_5624.png,No_Fire,0.9989180564880371,0.0010820224415510893,0.9989180564880371
point_4872.png,No_Fire,0.9992411136627197,0.0007589105516672134,0.9992411136627197
point_3759.png,No_Fire,0.9958605170249939,0.004139547236263752,0.9958605170249939
point_1197.png,No_Fire,0.9999908208847046,9.133400453720242e-06,0.9999908208847046
point_6568.png,No_Fire,0.9943981766700745,0.0056017483584582806,0.9943981766700745
point_6547.png,No_Fire,0.9998646974563599,0.00013533896708395332,0.9998646974563599
point_6817.png,No_Fire,0.997012734413147,0.0029872378800064325,0.997012734413147
point_5320.png,No_Fire,0.9985858201980591,0.0014142327709123492,0.9985858201980591
point_6364.png,Fire,0.9988214373588562,0.9988214373588562,0.0011785553069785237
point_1063.png,No_Fire,0.9993541836738586,0.0006458043353632092,0.9993541836738586
point_527.png,No_Fire,0.9981200098991394,0.001880008727312088,0.9981200098991394
point_6482.png,No_Fire,0.996331512928009,0.003668507095426321,0.996331512928009
point_1880.png,No_Fire,0.9988189339637756,0.0011810377473011613,0.9988189339637756
point_4672.png,No_Fire,0.9995684027671814,0.00043162901420146227,0.9995684027671814
point_2872.png,No_Fire,0.9999904632568359,9.523596418148372e-06,0.9999904632568359
point_902.png,No_Fire,0.9992409944534302,0.0007589780725538731,0.9992409944534302
point_1195.png,No_Fire,0.9999953508377075,4.664078460336896e-06,0.9999953508377075
point_3620.png,No_Fire,0.9969991445541382,0.0030008943285793066,0.9969991445541382
point_2444.png,No_Fire,0.999197781085968,0.0008022365509532392,0.999197781085968
point_5339.png,No_Fire,0.9999710321426392,2.8986860343138687e-05,0.9999710321426392
point_497.png,No_Fire,0.9997100234031677,0.00028996230685152113,0.9997100234031677
point_3154.png,No_Fire,0.9929318428039551,0.007068171165883541,0.9929318428039551
point_826.png,No_Fire,0.9952875375747681,0.004712436813861132,0.9952875375747681
point_322.png,No_Fire,0.9996660947799683,0.00033387026633135974,0.9996660947799683
point_1083.png,No_Fire,0.9984756112098694,0.001524401712231338,0.9984756112098694
point_4666.png,No_Fire,0.9997628331184387,0.0002371176378801465,0.9997628331184387
point_519.png,No_Fire,0.9999877214431763,1.2302432878641412e-05,0.9999877214431763
point_3306.png,No_Fire,0.9980929493904114,0.0019070121925324202,0.9980929493904114
point_5669.png,No_Fire,0.995445728302002,0.00455428846180439,0.995445728302002
point_6331.png,No_Fire,0.9990231990814209,0.000976762967184186,0.9990231990814209
point_543.png,No_Fire,0.9990418553352356,0.0009580996120348573,0.9990418553352356
point_5379.png,No_Fire,0.9976535439491272,0.002346498891711235,0.9976535439491272
point_6553.png,No_Fire,0.999754011631012,0.0002459934912621975,0.999754011631012
point_109.png,No_Fire,0.9999747276306152,2.5245923097827472e-05,0.9999747276306152
point_511.png,No_Fire,0.9992799162864685,0.0007201586849987507,0.9992799162864685
point_541.png,No_Fire,0.9998124241828918,0.0001876220339909196,0.9998124241828918
point_753.png,No_Fire,0.9972255229949951,0.0027744900435209274,0.9972255229949951
point_3343.png,No_Fire,0.9953599572181702,0.004640061873942614,0.9953599572181702
point_5970.png,No_Fire,0.9990088939666748,0.0009910931112244725,0.9990088939666748
point_3921.png,Fire,1.0,1.0,8.5098747938723465e-16
point_8485.png,No_Fire,0.9966179728507996,0.003382001770660281,0.9966179728507996
point_5860.png,No_Fire,0.9993618130683899,0.0006381422863341868,0.9993618130683899
point_1528.png,No_Fire,0.9976287484169006,0.0023712802212685347,0.9976287484169006
point_6006.png,No_Fire,0.999994158744812,5.872663223271957e-06,0.999994158744812
point_4784.png,No_Fire,0.9976083040237427,0.0023917413782328367,0.9976083040237427
point_5620.png,No_Fire,0.9986727237701416,0.0013272578362375498,0.9986727237701416
point_2384.png,No_Fire,0.9973604083061218,0.0026396235916763544,0.9973604083061218
point_631.png,No_Fire,0.9995844960212708,0.0004155234491918236,0.9995844960212708
point_1732.png,No_Fire,0.9831735491752625,0.016826428472995758,0.9831735491752625
point_3377.png,No_Fire,0.9996825456619263,0.000317496684147045,0.9996825456619263
point_734.png,No_Fire,0.9983968138694763,0.00160321278963238,0.9983968138694763
point_4303.png,No_Fire,0.9999144077301025,8.557076944271103e-05,0.9999144077301025
point_3281.png,No_Fire,0.9990801811218262,0.0009198362822644413,0.9990801811218262
point_3582.png,No_Fire,0.9971058964729309,0.0028941126074641943,0.9971058964729309
point_2410.png,No_Fire,0.9987800717353821,0.0012199548073112965,0.9987800717353821
point_4136.png,No_Fire,0.9961487054824829,0.0038512966129928827,0.9961487054824829
point_3056.png,No_Fire,0.9988847374916077,0.0011152257211506367,0.9988847374916077
point_2385.png,No_Fire,0.9612954258918762,0.03870462253689766,0.9612954258918762
point_1522.png,No_Fire,0.9985367059707642,0.0014633400132879615,0.9985367059707642
point_1234.png,No_Fire,0.9995771050453186,0.0004228779871482402,0.9995771050453186
point_480.png,No_Fire,0.9975448250770569,0.002455158159136772,0.9975448250770569
point_5323.png,No_Fire,0.9997397065162659,0.00026030876324512064,0.9997397065162659
point_2891.png,No_Fire,0.9961303472518921,0.0038696075789630413,0.9961303472518921
point_2155.png,No_Fire,0.9927889704704285,0.007211047224700451,0.9927889704704285
point_6321.png,No_Fire,0.9918266534805298,0.008173319511115551,0.9918266534805298
point_420.png,No_Fire,0.9971133470535278,0.0028866122011095285,0.9971133470535278
point_4333.png,No_Fire,0.996812641620636,0.0031873323023319244,0.996812641620636
point_2405.png,No_Fire,0.9995483756065369,0.00045158929424360394,0.9995483756065369
point_2281.png,No_Fire,0.9985503554344177,0.0014496262883767486,0.9985503554344177
point_3660.png,No_Fire,0.9999700784683228,2.9958415325381793e-05,0.9999700784683228
point_4321.png,No_Fire,0.9962964653968811,0.0037035243585705757,0.9962964653968811
point_5980.png,No_Fire,0.9998101592063904,0.00018984480993822217,0.9998101592063904
point_3798.png,No_Fire,0.99647456407547,0.0035254196263849735,0.99647456407547
point_5513.png,No_Fire,0.9969910383224487,0.0030089858919382095,0.9969910383224487
point_644.png,No_Fire,0.9999252557754517,7.469457341358066e-05,0.9999252557754517
point_3050.png,No_Fire,0.9991195797920227,0.0008804179378785193,0.9991195797920227
point_1042.png,No_Fire,0.9999942779541016,5.710412096959772e-06,0.9999942779541016
point_3665.png,No_Fire,0.9997443556785583,0.00025560741778463125,0.9997443556785583
point_2518.png,No_Fire,0.9999716281890869,2.8352958906907588e-05,0.9999716281890869
point_1158.png,No_Fire,0.9777432680130005,0.02225678600370884,0.9777432680130005
point_7733.png,Fire,1.0,1.0,3.467818476821094e-09
point_3954.png,No_Fire,0.8989077210426331,0.10109224170446396,0.8989077210426331
point_5325.png,No_Fire,0.9983975291252136,0.0016024191863834858,0.9983975291252136
point_3491.png,No_Fire,0.9953687191009521,0.004631273914128542,0.9953687191009521
point_6828.png,No_Fire,0.997581958770752,0.002417982555925846,0.997581958770752
point_4117.png,No_Fire,0.9913920164108276,0.00860796682536602,0.9913920164108276
point_9017.png,No_Fire,0.9993731379508972,0.0006268573342822492,0.9993731379508972
point_3084.png,No_Fire,0.9995406866073608,0.0004593271587509662,0.9995406866073608
point_1957.png,No_Fire,0.9838976263999939,0.016102323308587074,0.9838976263999939
point_5445.png,No_Fire,0.9979900121688843,0.0020099671091884375,0.9979900121688843
point_538.png,No_Fire,0.9970200657844543,0.0029798909090459347,0.9970200657844543
point_4990.png,No_Fire,0.9998564720153809,0.00014353565347846597,0.9998564720153809
point_2158.png,No_Fire,0.9945540428161621,0.0054458873346447945,0.9945540428161621
point_5208.png,No_Fire,0.5147644281387329,0.48523563146591187,0.5147644281387329
point_2933.png,No_Fire,0.9761993885040283,0.023800671100616455,0.9761993885040283
point_4433.png,No_Fire,0.9999521970748901,4.77894427604042e-05,0.9999521970748901
point_3347.png,No_Fire,0.9983643889427185,0.0016356551786884665,0.9983643889427185
point_1468.png,No_Fire,0.9980787038803101,0.0019213396590203047,0.9980787038803101
point_6179.png,No_Fire,0.9969782829284668,0.003021713811904192,0.9969782829284668
point_1181.png,No_Fire,0.9988399147987366,0.001160145620815456,0.9988399147987366
point_389.png,No_Fire,0.9945474863052368,0.005452513694763184,0.9945474863052368
point_502.png,No_Fire,0.9999996423721313,3.067868590278522e-07,0.9999996423721313
point_863.png,No_Fire,0.9975154399871826,0.002484613098204136,0.9975154399871826
point_4692.png,No_Fire,0.9975985884666443,0.00240141898393631,0.9975985884666443
point_2207.png,No_Fire,0.9979509711265564,0.0020490139722824097,0.9979509711265564
point_1935.png,No_Fire,0.996775209903717,0.003224819665774703,0.996775209903717
point_529.png,No_Fire,0.9993775486946106,0.00062247907044366,0.9993775486946106
point_1001.png,No_Fire,0.9665212631225586,0.033478762954473495,0.9665212631225586
point_960.png,No_Fire,0.9977037310600281,0.0022963383235037327,0.9977037310600281
point_499.png,No_Fire,0.9985118508338928,0.0014881030656397343,0.9985118508338928
point_7503.png,No_Fire,0.998143196105957,0.0018568417290225625,0.998143196105957
point_3666.png,No_Fire,0.9997705817222595,0.0002293861616635695,0.9997705817222595
point_218.png,No_Fire,0.9974351525306702,0.002564834663644433,0.9974351525306702
point_6189.png,No_Fire,0.9999984502792358,1.5017509440440335e-06,0.9999984502792358
point_2944.png,No_Fire,0.9997087121009827,0.00029129398171789944,0.9997087121009827
point_3242.png,No_Fire,0.9978772401809692,0.002122722566127777,0.9978772401809692
point_6344.png,No_Fire,0.9955695271492004,0.0044305045157670975,0.9955695271492004
point_4547.png,No_Fire,0.9978406429290771,0.002159354742616415,0.9978406429290771
point_2080.png,No_Fire,0.9990541338920593,0.0009458344429731369,0.9990541338920593
point_827.png,No_Fire,0.9970833659172058,0.002916670637205243,0.9970833659172058
point_7436.png,Fire,0.9999978542327881,0.9999978542327881,2.1730115804530215e-06
point_471.png,No_Fire,0.9999865293502808,1.3516318176698405e-05,0.9999865293502808
point_10.png,No_Fire,0.9964079260826111,0.003592049004510045,0.9964079260826111
point_1738.png,No_Fire,0.9991101622581482,0.0008898638188838959,0.9991101622581482
point_1096.png,No_Fire,0.9934729933738708,0.0065270098857581615,0.9934729933738708
point_3668.png,No_Fire,0.997454822063446,0.002545175375416875,0.997454822063446
point_2335.png,No_Fire,0.9839960932731628,0.016003889963030815,0.9839960932731628
point_1696.png,No_Fire,0.9960582256317139,0.003941829316318035,0.9960582256317139
point_5390.png,No_Fire,0.9982728958129883,0.0017270679818466306,0.9982728958129883
point_961.png,No_Fire,0.9847818613052368,0.015218157321214676,0.9847818613052368
point_2867.png,No_Fire,0.8075897097587585,0.19241029024124146,0.8075897097587585
point_412.png,No_Fire,0.9957844614982605,0.004215496126562357,0.9957844614982605
point_172.png,No_Fire,0.9965788722038269,0.003421116853132844,0.9965788722038269
point_2833.png,No_Fire,0.9998983144760132,0.00010164368723053485,0.9998983144760132
point_3556.png,No_Fire,0.9999548196792603,4.511957013164647e-05,0.9999548196792603
point_3552.png,No_Fire,0.9999974966049194,2.481642013663077e-06,0.9999974966049194
point_3884.png,No_Fire,0.9993759989738464,0.0006239967187866569,0.9993759989738464
point_5341.png,No_Fire,0.9986692667007446,0.0013307343469932675,0.9986692667007446
point_1101.png,No_Fire,0.991961658000946,0.008038407191634178,0.991961658000946
point_3588.png,No_Fire,0.9959432482719421,0.004056726116687059,0.9959432482719421
point_5110.png,No_Fire,0.9954641461372375,0.004535851068794727,0.9954641461372375
point_4164.png,No_Fire,0.999177873134613,0.0008221580064855516,0.999177873134613
point_162.png,No_Fire,0.9993919134140015,0.0006080701132304966,0.9993919134140015
point_6538.png,No_Fire,0.9995520710945129,0.00044791685650125146,0.9995520710945129
point_6357.png,No_Fire,0.9998941421508789,0.00010583893163129687,0.9998941421508789
point_658.png,No_Fire,0.9988277554512024,0.0011722014751285315,0.9988277554512024
point_5605.png,No_Fire,0.9936594367027283,0.0063405404798686504,0.9936594367027283
point_2621.png,No_Fire,0.9999455213546753,5.441671601147391e-05,0.9999455213546753
point_6187.png,No_Fire,0.9999963045120239,3.6581163840310182e-06,0.9999963045120239
point_5265.png,No_Fire,0.9985499978065491,0.0014499366516247392,0.9985499978065491
point_6362.png,Fire,0.967985212802887,0.967985212802887,0.032014865428209305
point_4578.png,No_Fire,0.9980396628379822,0.0019603306427598,0.9980396628379822
point_3062.png,No_Fire,0.9996389150619507,0.0003610338899306953,0.9996389150619507
point_6241.png,No_Fire,0.9942697286605835,0.0057302904315292835,0.9942697286605835
point_4695.png,No_Fire,0.9973123073577881,0.0026877683121711016,0.9973123073577881
point_6451.png,No_Fire,0.998428225517273,0.0015718184877187014,0.998428225517273
point_1229.png,No_Fire,0.9999946355819702,5.338155460776761e-06,0.9999946355819702
point_20.png,No_Fire,0.9999524354934692,4.754579276777804e-05,0.9999524354934692
point_377.png,No_Fire,0.9983042478561401,0.0016957717016339302,0.9983042478561401
point_685.png,No_Fire,0.9976861476898193,0.002313854405656457,0.9976861476898193
point_6503.png,No_Fire,0.9999722242355347,2.7726546250050887e-05,0.9999722242355347
point_837.png,No_Fire,0.9999196529388428,8.033798076212406e-05,0.9999196529388428
point_5418.png,No_Fire,0.9942902326583862,0.0057097855024039745,0.9942902326583862
point_1343.png,No_Fire,0.9994829893112183,0.000516953004989773,0.9994829893112183
point_2820.png,No_Fire,0.9999963045120239,3.6927331166225486e-06,0.9999963045120239
point_2126.png,No_Fire,0.9906501770019531,0.009349833242595196,0.9906501770019531
point_901.png,No_Fire,0.9973045587539673,0.002695457311347127,0.9973045587539673
point_1176.png,No_Fire,0.9999629259109497,3.7101199268363416e-05,0.9999629259109497
point_2019.png,Fire,0.9996496438980103,0.9996496438980103,0.0003503634361550212
point_8303.png,No_Fire,0.9853164553642273,0.01468354370445013,0.9853164553642273
point_4100.png,No_Fire,0.99968421459198,0.00031581305665895343,0.99968421459198
point_1471.png,No_Fire,0.9981637597084045,0.0018363040871918201,0.9981637597084045
point_6505.png,No_Fire,0.9977178573608398,0.002282175235450268,0.9977178573608398
point_1971.png,No_Fire,0.9954848289489746,0.004515220411121845,0.9954848289489746
point_5178.png,No_Fire,0.9921748042106628,0.007825224660336971,0.9921748042106628
point_1960.png,No_Fire,0.9991816878318787,0.0008182977326214314,0.9991816878318787
point_5726.png,No_Fire,0.9980133771896362,0.0019866139627993107,0.9980133771896362
point_5907.png,No_Fire,0.9942958950996399,0.0057041277177631855,0.9942958950996399
point_8004.png,No_Fire,0.9987828135490417,0.0012172143906354904,0.9987828135490417
point_1982.png,No_Fire,0.9907979965209961,0.009201985783874989,0.9907979965209961
point_402.png,No_Fire,0.999122679233551,0.0008772985311225057,0.999122679233551
point_4058.png,No_Fire,0.9995249509811401,0.0004750872030854225,0.9995249509811401
point_1954.png,No_Fire,0.9999978542327881,2.0861725715803914e-06,0.9999978542327881
point_6430.png,No_Fire,0.9985902905464172,0.001409728778526187,0.9985902905464172
point_6158.png,No_Fire,0.9998263716697693,0.00017364576342515647,0.9998263716697693
point_5392.png,No_Fire,0.9475853443145752,0.052414726465940475,0.9475853443145752
point_2945.png,No_Fire,0.9998879432678223,0.00011209196236450225,0.9998879432678223
point_4552.png,No_Fire,0.991765558719635,0.008234462700784206,0.991765558719635
point_911.png,No_Fire,0.9998700618743896,0.00012988707749173045,0.9998700618743896
point_6506.png,No_Fire,0.9988388419151306,0.0011611273512244225,0.9988388419151306
point_698.png,No_Fire,0.9994868040084839,0.0005131243378855288,0.9994868040084839
point_1538.png,No_Fire,0.9947078227996826,0.005292144138365984,0.9947078227996826
point_5521.png,No_Fire,0.9979189038276672,0.0020810903515666723,0.9979189038276672
point_387.png,No_Fire,0.999987006187439,1.2969746421731543e-05,0.999987006187439
point_6359.png,No_Fire,0.9976797699928284,0.002320242114365101,0.9976797699928284
point_555.png,No_Fire,0.9973148703575134,0.0026851659640669823,0.9973148703575134
point_3752.png,No_Fire,0.9979565143585205,0.0020434551406651735,0.9979565143585205
point_1263.png,No_Fire,0.9989379048347473,0.0010620669927448034,0.9989379048347473
point_3575.png,No_Fire,0.9999819993972778,1.798293669708073e-05,0.9999819993972778
point_2464.png,Fire,0.9735128283500671,0.9735128283500671,0.02648719772696495
point_4454.png,No_Fire,0.999497652053833,0.0005023539415560663,0.999497652053833
point_8839.png,No_Fire,0.9933456182479858,0.006654352881014347,0.9933456182479858
point_5099.png,No_Fire,0.9987154006958008,0.00128462933935225,0.9987154006958008
point_6091.png,No_Fire,0.9988407492637634,0.0011593303643167019,0.9988407492637634
point_1446.png,No_Fire,0.9999916553497314,8.377434824069496e-06,0.9999916553497314
point_4442.png,No_Fire,0.9999568462371826,4.32021297456231e-05,0.9999568462371826
point_6008.png,No_Fire,0.9999432563781738,5.6782799219945446e-05,0.9999432563781738
point_4359.png,No_Fire,0.9973269701004028,0.0026730699464678764,0.9973269701004028
point_2365.png,No_Fire,0.9997060894966125,0.0002939081168733537,0.9997060894966125
point_3085.png,No_Fire,0.9937528967857361,0.006247108802199364,0.9937528967857361
point_7924.png,No_Fire,0.9993595480918884,0.000640406331513077,0.9993595480918884
point_4991.png,No_Fire,0.9985234141349792,0.0014765867963433266,0.9985234141349792
point_525.png,No_Fire,0.9977149963378906,0.002285068854689598,0.9977149963378906
point_2382.png,No_Fire,0.9938097596168518,0.0061902557499706745,0.9938097596168518
point_545.png,No_Fire,0.9994491934776306,0.0005508544272743165,0.9994491934776306
point_2388.png,No_Fire,0.999911904335022,8.813921158434823e-05,0.999911904335022
point_1288.png,No_Fire,0.9984943866729736,0.001505578518845141,0.9984943866729736
point_8002.png,No_Fire,0.9937969446182251,0.006203111726790667,0.9937969446182251
point_5361.png,No_Fire,0.9968156218528748,0.0031843886245042086,0.9968156218528748
point_1596.png,No_Fire,0.9654763340950012,0.0345236174762249,0.9654763340950012
point_1423.png,No_Fire,0.9914222359657288,0.00857777800410986,0.9914222359657288
point_5766.png,No_Fire,0.9707292318344116,0.02927079051733017,0.9707292318344116
point_2161.png,No_Fire,0.9970327615737915,0.0029671788215637207,0.9970327615737915
point_5985.png,No_Fire,0.997495174407959,0.0025049082469195127,0.997495174407959
point_5553.png,No_Fire,0.9797869920730591,0.02021295391023159,0.9797869920730591
point_5554.png,Fire,0.9999654293060303,0.9999654293060303,3.458517312537879e-05
point_981.png,No_Fire,0.9873573780059814,0.01264262106269598,0.9873573780059814
point_3010.png,No_Fire,0.9972857236862183,0.00271425093524158,0.9972857236862183
point_5492.png,No_Fire,0.9978477954864502,0.0021521940361708403,0.9978477954864502
point_6159.png,No_Fire,0.998363196849823,0.0016368203796446323,0.998363196849823
point_6098.png,No_Fire,0.999876856803894,0.00012314879859331995,0.999876856803894
point_983.png,No_Fire,0.996664822101593,0.0033351534511893988,0.996664822101593
point_234.png,No_Fire,0.9999887943267822,1.117537249228917e-05,0.9999887943267822
point_4676.png,No_Fire,0.9992341995239258,0.0007658282411284745,0.9992341995239258
point_3342.png,No_Fire,0.9984411597251892,0.0015588284004479647,0.9984411597251892
point_7173.png,Fire,1.0,1.0,1.6549266401710838e-09
point_2887.png,No_Fire,0.999580442905426,0.00041961026727221906,0.999580442905426
point_958.png,No_Fire,0.99369215965271,0.006307809613645077,0.99369215965271
point_5745.png,No_Fire,0.9986968636512756,0.0013031171401962638,0.9986968636512756
point_4950.png,No_Fire,0.9803562164306641,0.01964375004172325,0.9803562164306641
point_1469.png,No_Fire,0.9980813264846802,0.0019187096040695906,0.9980813264846802
point_4166.png,No_Fire,0.998582124710083,0.0014178386190906167,0.998582124710083
point_4783.png,No_Fire,0.99965500831604,0.00034503077040426433,0.99965500831604
point_946.png,No_Fire,0.9881885647773743,0.011811423115432262,0.9881885647773743
point_1692.png,No_Fire,0.9999942779541016,5.7650049711810425e-06,0.9999942779541016
point_5635.png,No_Fire,0.9932958483695984,0.006704120431095362,0.9932958483695984
point_3621.png,No_Fire,0.9980980753898621,0.0019018937600776553,0.9980980753898621
point_4342.png,No_Fire,0.9984942674636841,0.0015057435957714915,0.9984942674636841
point_3312.png,No_Fire,0.994009256362915,0.005990713369101286,0.994009256362915
point_4871.png,No_Fire,0.9959994554519653,0.004000557586550713,0.9959994554519653
point_5991.png,No_Fire,0.9995920062065125,0.0004079911741428077,0.9995920062065125
point_5111.png,No_Fire,0.9988892674446106,0.0011107800528407097,0.9988892674446106
point_6088.png,No_Fire,0.9994179010391235,0.0005821221857331693,0.9994179010391235
point_2519.png,No_Fire,0.9999734163284302,2.663173472683411e-05,0.9999734163284302
point_3287.png,No_Fire,0.999677300453186,0.0003227314446121454,0.999677300453186
point_3009.png,No_Fire,0.9988136291503906,0.0011864230036735535,0.9988136291503906
point_5092.png,No_Fire,0.9884591698646545,0.01154088880866766,0.9884591698646545
point_4425.png,No_Fire,0.9940504431724548,0.005949520505964756,0.9940504431724548
point_4090.png,No_Fire,0.9996591806411743,0.00034082549973390996,0.9996591806411743
point_3769.png,No_Fire,0.9999643564224243,3.561981793609448e-05,0.9999643564224243
point_5172.png,No_Fire,0.9995438456535339,0.0004560897941701114,0.9995438456535339
point_5946.png,No_Fire,0.9915968775749207,0.008403157815337181,0.9915968775749207
point_376.png,No_Fire,0.9984999895095825,0.0015000705607235432,0.9984999895095825
point_4707.png,No_Fire,0.9999681711196899,3.18155980494339e-05,0.9999681711196899
point_741.png,No_Fire,0.998166024684906,0.0018339543603360653,0.998166024684906
point_5151.png,No_Fire,0.9993754029273987,0.0006246680277399719,0.9993754029273987
point_2905.png,No_Fire,0.996637225151062,0.0033627895172685385,0.996637225151062
point_2200.png,No_Fire,0.999758780002594,0.00024126455537043512,0.999758780002594
point_6348.png,No_Fire,0.9999895095825195,1.0542464224272408e-05,0.9999895095825195
point_1579.png,No_Fire,0.9941918253898621,0.005808160174638033,0.9941918253898621
point_7686.png,No_Fire,0.9929365515708923,0.007063460536301136,0.9929365515708923
point_2081.png,No_Fire,0.9978653788566589,0.0021346472203731537,0.9978653788566589
point_515.png,No_Fire,0.9999982118606567,1.7567909935678472e-06,0.9999982118606567
point_3574.png,No_Fire,0.9896993041038513,0.010300728492438793,0.9896993041038513
point_2104.png,No_Fire,0.9990226030349731,0.0009773806668817997,0.9990226030349731
point_1410.png,No_Fire,0.9992150068283081,0.0007850081310607493,0.9992150068283081
point_7502.png,No_Fire,0.9947023987770081,0.00529759656637907,0.9947023987770081
point_4335.png,No_Fire,0.9990987777709961,0.0009012600057758391,0.9990987777709961
point_534.png,No_Fire,0.9985817670822144,0.0014182160375639796,0.9985817670822144
point_3795.png,No_Fire,0.9951637983322144,0.004836126696318388,0.9951637983322144
point_5976.png,No_Fire,0.9999934434890747,6.522821422549896e-06,0.9999934434890747
point_2950.png,No_Fire,0.9984967708587646,0.0015032063238322735,0.9984967708587646
point_4870.png,No_Fire,0.9979000091552734,0.0020999307744205,0.9979000091552734
point_994.png,No_Fire,0.9999401569366455,5.9860118199139833e-05,0.9999401569366455
point_187.png,No_Fire,0.9978927969932556,0.0021072097588330507,0.9978927969932556
point_1956.png,No_Fire,0.9999970197677612,2.9924769933131756e-06,0.9999970197677612
point_549.png,No_Fire,0.9998446702957153,0.0001552999601699412,0.9998446702957153
point_4124.png,No_Fire,0.9958721995353699,0.004127788823097944,0.9958721995353699
point_2984.png,No_Fire,0.998399555683136,0.0016004103235900402,0.998399555683136
point_1561.png,No_Fire,0.9990542531013489,0.0009457497508265078,0.9990542531013489
point_1585.png,No_Fire,0.997835099697113,0.00216492242179811,0.997835099697113
point_584.png,No_Fire,0.9984676241874695,0.0015323054976761341,0.9984676241874695
point_320.png,No_Fire,0.999516487121582,0.0004835108993574977,0.999516487121582
point_1714.png,No_Fire,0.9994385838508606,0.0005613462999463081,0.9994385838508606
point_1678.png,No_Fire,0.9976474642753601,0.0023525478318333626,0.9976474642753601
point_28.png,No_Fire,0.9972221851348877,0.0027778777293860912,0.9972221851348877
point_2159.png,No_Fire,0.9942666888237,0.005733344703912735,0.9942666888237
point_6494.png,No_Fire,0.9991176724433899,0.0008823545649647713,0.9991176724433899
point_3735.png,No_Fire,0.9983443021774292,0.001655750209465623,0.9983443021774292
point_2092.png,No_Fire,0.9998644590377808,0.00013551174197345972,0.9998644590377808
point_583.png,No_Fire,0.9991067051887512,0.0008932537166401744,0.9991067051887512
point_1100.png,No_Fire,0.9976192116737366,0.002380799502134323,0.9976192116737366
point_5993.png,No_Fire,0.9977121353149414,0.0022879044990986586,0.9977121353149414
point_4592.png,No_Fire,0.9965337514877319,0.003466262249276042,0.9965337514877319
point_4869.png,No_Fire,0.9921175837516785,0.007882454432547092,0.9921175837516785
point_6456.png,No_Fire,0.9994671940803528,0.0005328452680259943,0.9994671940803528
point_157.png,No_Fire,0.9992802739143372,0.0007197390659712255,0.9992802739143372
point_3733.png,No_Fire,0.997250497341156,0.0027494870591908693,0.997250497341156
point_3557.png,No_Fire,0.9999799728393555,2.0017647329950705e-05,0.9999799728393555
point_5634.png,No_Fire,0.9856241941452026,0.014375856146216393,0.9856241941452026
point_6402.png,No_Fire,0.9999213218688965,7.866095256758854e-05,0.9999213218688965
point_399.png,No_Fire,0.9936473965644836,0.0063526323065161705,0.9936473965644836
point_5269.png,No_Fire,0.9989855885505676,0.0010143611580133438,0.9989855885505676
point_3485.png,No_Fire,0.9894009232521057,0.010599103756248951,0.9894009232521057
point_3229.png,No_Fire,0.9999970197677612,2.948837618532707e-06,0.9999970197677612
point_319.png,No_Fire,0.9998711347579956,0.00012884718307759613,0.9998711347579956
point_4589.png,No_Fire,0.9999860525131226,1.3898074030294083e-05,0.9999860525131226
point_5394.png,No_Fire,0.9999282360076904,7.176254439400509e-05,0.9999282360076904
point_405.png,No_Fire,0.9949588179588318,0.005041215103119612,0.9949588179588318
point_5215.png,No_Fire,0.9990594983100891,0.0009404562297277153,0.9990594983100891
point_866.png,No_Fire,0.9730461239814758,0.026953937485814095,0.9730461239814758
point_3671.png,No_Fire,0.9985674619674683,0.001432544901035726,0.9985674619674683
point_4216.png,No_Fire,0.9989851117134094,0.0010148759465664625,0.9989851117134094
point_3808.png,No_Fire,0.9999957084655762,4.3466334318509325e-06,0.9999957084655762
point_9604.png,No_Fire,0.999693751335144,0.000306261470541358,0.999693751335144
point_4394.png,No_Fire,0.9982107877731323,0.001789224799722433,0.9982107877731323
point_2935.png,No_Fire,0.9998949766159058,0.00010497412586119026,0.9998949766159058
point_411.png,No_Fire,0.9997137188911438,0.0002862489491235465,0.9997137188911438
point_533.png,No_Fire,0.99830162525177,0.0016983447130769491,0.99830162525177
point_4978.png,No_Fire,0.9999186992645264,8.127265027724206e-05,0.9999186992645264
point_6457.png,No_Fire,0.9993966817855835,0.0006033452809788287,0.9993966817855835
point_3279.png,No_Fire,0.9951809644699097,0.004819069989025593,0.9951809644699097
point_6043.png,No_Fire,0.9983401298522949,0.0016598142683506012,0.9983401298522949
point_3453.png,No_Fire,0.9998176693916321,0.00018240678764414042,0.9998176693916321
point_335.png,No_Fire,0.9994472861289978,0.0005527612520381808,0.9994472861289978
point_6301.png,No_Fire,0.996903121471405,0.0030968498904258013,0.996903121471405
point_5277.png,No_Fire,0.9914081692695618,0.008591827005147934,0.9914081692695618
point_1577.png,No_Fire,0.9987646341323853,0.0012353755300864577,0.9987646341323853
point_161.png,No_Fire,0.9993282556533813,0.0006717369542457163,0.9993282556533813
point_367.png,No_Fire,0.9998118281364441,0.00018815121438819915,0.9998118281364441
point_2836.png,No_Fire,0.9981056451797485,0.0018943569157272577,0.9981056451797485
point_5631.png,No_Fire,0.9997532963752747,0.00024674940505065024,0.9997532963752747
point_2420.png,No_Fire,0.9998852014541626,0.00011473331687739119,0.9998852014541626
point_3641.png,No_Fire,0.9992127418518066,0.000787237542681396,0.9992127418518066
point_5630.png,No_Fire,0.9928857684135437,0.00711421761661768,0.9928857684135437
point_6274.png,No_Fire,0.9996567964553833,0.0003432338999118656,0.9996567964553833
point_2838.png,No_Fire,0.9986720085144043,0.0013279900886118412,0.9986720085144043
point_6286.png,No_Fire,0.9967173933982849,0.003282638266682625,0.9967173933982849
point_1516.png,No_Fire,0.9950488209724426,0.004951149225234985,0.9950488209724426
point_1342.png,No_Fire,0.9995899796485901,0.0004100208170711994,0.9995899796485901
point_2371.png,No_Fire,0.9998065829277039,0.0001934284664457664,0.9998065829277039
point_6504.png,No_Fire,0.9989185333251953,0.0010814509587362409,0.9989185333251953
point_5152.png,No_Fire,0.9995802044868469,0.0004197400703560561,0.9995802044868469
point_5780.png,No_Fire,0.9952560067176819,0.004744013771414757,0.9952560067176819
point_1256.png,No_Fire,0.9641509652137756,0.03584899753332138,0.9641509652137756
point_363.png,No_Fire,0.9927830696105957,0.007216956000775099,0.9927830696105957
point_3463.png,No_Fire,0.997191846370697,0.0028081187047064304,0.997191846370697
point_7922.png,No_Fire,0.9904611706733704,0.009538843296468258,0.9904611706733704
point_3797.png,No_Fire,0.9979265928268433,0.0020734400022774935,0.9979265928268433
point_1566.png,No_Fire,0.9969336986541748,0.0030662636272609234,0.9969336986541748
point_1984.png,No_Fire,0.9965761303901672,0.003423876827582717,0.9965761303901672
point_4350.png,Fire,0.9997747540473938,0.9997747540473938,0.0002252047270303592
point_957.png,Fire,0.9983986020088196,0.9983986020088196,0.0016014340799301863
point_4989.png,No_Fire,0.9997743964195251,0.00022562513186130673,0.9997743964195251
point_5998.png,No_Fire,0.9999918937683105,8.053651981754228e-06,0.9999918937683105
point_5079.png,No_Fire,0.9995669722557068,0.0004329916264396161,0.9995669722557068
point_5082.png,No_Fire,0.9994902610778809,0.0005097154062241316,0.9994902610778809
point_2520.png,No_Fire,0.999336302280426,0.0006637049373239279,0.999336302280426
point_4441.png,No_Fire,0.9998329877853394,0.0001669406337896362,0.9998329877853394
point_372.png,No_Fire,0.9611909985542297,0.03880896791815758,0.9611909985542297
point_1473.png,No_Fire,0.9775100350379944,0.022489989176392555,0.9775100350379944
point_4440.png,No_Fire,0.9999666213989258,3.336651570862159e-05,0.9999666213989258
point_6440.png,No_Fire,0.988534152507782,0.011465785093605518,0.988534152507782
point_6183.png,No_Fire,0.9701579809188843,0.029842017218470573,0.9701579809188843
point_540.png,No_Fire,0.9995574355125427,0.000442497810581699,0.9995574355125427
point_2469.png,Fire,0.9982289671897888,0.9982289671897888,0.0017710684332996607
point_5560.png,No_Fire,0.9999302625656128,6.973212293814868e-05,0.9999302625656128
point_984.png,No_Fire,0.9980766773223877,0.0019232770428061485,0.9980766773223877
point_4315.png,No_Fire,0.9979963898658752,0.0020035896450281143,0.9979963898658752
point_2383.png,No_Fire,0.9950476884841919,0.0049522812478244305,0.9950476884841919
point_2623.png,No_Fire,0.9770633578300476,0.022936610504984856,0.9770633578300476
point_6229.png,No_Fire,0.9998525381088257,0.00014749096590094268,0.9998525381088257
point_1000.png,No_Fire,0.999895453453064,0.00010458646283950657,0.999895453453064
point_3894.png,No_Fire,0.9999527931213379,4.7178597014863044e-05,0.9999527931213379
point_5093.png,No_Fire,0.9957181811332703,0.0042818826623260975,0.9957181811332703
point_2463.png,Fire,0.9999451637268066,0.9999451637268066,5.478201637743041e-05
point_3810.png,No_Fire,0.9999955892562866,4.38382903666934e-06,0.9999955892562866
point_4694.png,No_Fire,0.9970322847366333,0.00296776182949543,0.9970322847366333
point_4439.png,Fire,0.9997802376747131,0.9997802376747131,0.00021981292229611427
point_5268.png,No_Fire,0.9964834451675415,0.0035165962763130665,0.9964834451675415
point_5515.png,No_Fire,0.9993526339530945,0.0006473257089965045,0.9993526339530945
point_1569.png,No_Fire,0.9982360601425171,0.0017639599973335862,0.9982360601425171
point_6460.png,No_Fire,0.9999780654907227,2.1985986677464098e-05,0.9999780654907227
point_5921.png,No_Fire,0.9999868869781494,1.3116646186972503e-05,0.9999868869781494
point_5518.png,No_Fire,0.9956847429275513,0.004315212368965149,0.9956847429275513
point_2275.png,No_Fire,0.9990766048431396,0.0009233987657353282,0.9990766048431396
point_4698.png,No_Fire,0.9994356036186218,0.0005644331686198711,0.9994356036186218
point_906.png,No_Fire,0.9997009038925171,0.00029914171318523586,0.9997009038925171
point_3525.png,No_Fire,0.9999983310699463,1.6717090147722047e-06,0.9999983310699463
point_6567.png,No_Fire,0.9982311129570007,0.0017689326778054237,0.9982311129570007
point_3809.png,No_Fire,0.9999967813491821,3.198060994691332e-06,0.9999967813491821
point_739.png,No_Fire,0.9997178912162781,0.0002820292429532856,0.9997178912162781
point_5044.png,No_Fire,0.9999903440475464,9.650635547586717e-06,0.9999903440475464
point_6549.png,No_Fire,0.9999147653579712,8.522508142050356e-05,0.9999147653579712
point_4167.png,No_Fire,0.9987757802009583,0.0012242199154570699,0.9987757802009583
point_5122.png,No_Fire,0.9979999661445618,0.002000005915760994,0.9979999661445618
point_2094.png,No_Fire,0.9999697208404541,3.0251532734837383e-05,0.9999697208404541
point_1325.png,No_Fire,0.9986624717712402,0.0013375264825299382,0.9986624717712402
point_1521.png,No_Fire,0.9994699358940125,0.0005300730699673295,0.9994699358940125
point_4691.png,No_Fire,0.9960477948188782,0.003952160477638245,0.9960477948188782
point_526.png,No_Fire,0.999038577079773,0.0009614125010557473,0.999038577079773
point_6157.png,No_Fire,0.9960460066795349,0.003953916020691395,0.9960460066795349
point_2870.png,No_Fire,0.999485969543457,0.0005140552530065179,0.999485969543457
point_1520.png,No_Fire,0.9989572763442993,0.0010427116649225354,0.9989572763442993
point_3728.png,No_Fire,0.993073582649231,0.006926400121301413,0.993073582649231
point_1202.png,No_Fire,0.9994914531707764,0.0005085851880721748,0.9994914531707764
point_3882.png,No_Fire,0.9973689317703247,0.002631033305078745,0.9973689317703247
point_5322.png,No_Fire,0.9981766939163208,0.0018233290174975991,0.9981766939163208
point_4165.png,No_Fire,0.9990242719650269,0.0009757408406585455,0.9990242719650269
point_2156.png,No_Fire,0.999946117401123,5.382218296290375e-05,0.999946117401123
point_3594.png,No_Fire,0.9999805688858032,1.9379885998205282e-05,0.9999805688858032
point_8298.png,No_Fire,0.9916015267372131,0.008398471400141716,0.9916015267372131
point_29.png,No_Fire,0.9960973858833313,0.003902657888829708,0.9960973858833313
point_423.png,No_Fire,0.9995644688606262,0.0004355440032668412,0.9995644688606262
point_2180.png,No_Fire,0.9997015595436096,0.0002983979939017445,0.9997015595436096
point_905.png,No_Fire,0.9997005462646484,0.0002995078102685511,0.9997005462646484
point_2406.png,No_Fire,0.9963885545730591,0.003611525520682335,0.9963885545730591
point_3255.png,No_Fire,0.9792616367340088,0.02073831483721733,0.9792616367340088
point_2895.png,No_Fire,0.9992557168006897,0.0007442139904014766,0.9992557168006897
point_6550.png,No_Fire,0.9996521472930908,0.00034787424374371767,0.9996521472930908
point_1600.png,No_Fire,0.9999651908874512,3.475199991953559e-05,0.9999651908874512
point_4319.png,No_Fire,0.9965158700942993,0.0034840847365558147,0.9965158700942993
point_611.png,No_Fire,0.9981966614723206,0.0018033854430541396,0.9981966614723206
point_6180.png,No_Fire,0.9999465942382812,5.3460120398085564e-05,0.9999465942382812
point_4214.png,No_Fire,0.998478353023529,0.0015216905158013105,0.998478353023529
point_520.png,No_Fire,0.9957990050315857,0.004200976807624102,0.9957990050315857
point_5517.png,No_Fire,0.9989622831344604,0.0010376826394349337,0.9989622831344604
point_2208.png,No_Fire,0.9843313097953796,0.01566869206726551,0.9843313097953796
point_2462.png,Fire,0.8460889458656311,0.8460889458656311,0.15391108393669128
point_1327.png,No_Fire,0.9989686012268066,0.001031404361128807,0.9989686012268066
point_2303.png,No_Fire,0.9991220831871033,0.0008779182098805904,0.9991220831871033
point_551.png,No_Fire,0.9969762563705444,0.0030237240716814995,0.9969762563705444
point_738.png,No_Fire,0.9994930028915405,0.0005069755716249347,0.9994930028915405
point_1191.png,No_Fire,0.9999985694885254,1.386123244628834e-06,0.9999985694885254
point_4579.png,No_Fire,0.9998903274536133,0.00010962152009597048,0.9998903274536133
point_3860.png,No_Fire,0.9112250208854675,0.08877499401569366,0.9112250208854675
point_2868.png,No_Fire,0.9999721050262451,2.7905947717954405e-05,0.9999721050262451
point_1175.png,No_Fire,0.9999895095825195,1.0433273928356357e-05,0.9999895095825195
point_6705.png,No_Fire,0.9847971796989441,0.015202733688056469,0.9847971796989441
point_3645.png,No_Fire,0.9926798343658447,0.007320137694478035,0.9926798343658447
point_2274.png,No_Fire,0.9989436268806458,0.0010564327239990234,0.9989436268806458
point_3171.png,No_Fire,0.9999939203262329,6.106969067332102e-06,0.9999939203262329
point_2453.png,No_Fire,0.9999159574508667,8.40781067381613e-05,0.9999159574508667
point_3595.png,No_Fire,0.999991774559021,8.225412784668151e-06,0.999991774559021
point_2837.png,No_Fire,0.9975618124008179,0.002438139170408249,0.9975618124008179
point_7442.png,No_Fire,0.9969310760498047,0.003068856429308653,0.9969310760498047
point_4331.png,No_Fire,0.9891268610954285,0.010873175226151943,0.9891268610954285
point_1231.png,No_Fire,0.999998927116394,1.0618022088237922e-06,0.999998927116394
point_3134.png,No_Fire,0.9969647526741028,0.003035267349332571,0.9969647526741028
point_2874.png,No_Fire,0.9999815225601196,1.8458023987477645e-05,0.9999815225601196
point_6526.png,No_Fire,0.9971957206726074,0.002804227638989687,0.9971957206726074
point_1188.png,No_Fire,0.9980081915855408,0.0019918479956686497,0.9980081915855408
point_1983.png,No_Fire,0.9764081835746765,0.023591820150613785,0.9764081835746765
point_5501.png,No_Fire,0.9992600083351135,0.0007400012691505253,0.9992600083351135
point_1578.png,No_Fire,0.9986108541488647,0.00138912966940552,0.9986108541488647
point_1291.png,No_Fire,0.9909452199935913,0.009054715745151043,0.9909452199935913
point_800.png,No_Fire,0.9998480081558228,0.00015200214693322778,0.9998480081558228
point_6257.png,No_Fire,0.999822199344635,0.000177811918547377,0.999822199344635
point_3896.png,No_Fire,0.9999876022338867,1.2367424460535403e-05,0.9999876022338867
point_1224.png,No_Fire,0.9999809265136719,1.9075105228694156e-05,0.9999809265136719
point_4103.png,No_Fire,0.9999135732650757,8.640764281153679e-05,0.9999135732650757
point_5174.png,No_Fire,0.9917438626289368,0.008256111294031143,0.9917438626289368
point_5978.png,No_Fire,0.9979358911514282,0.0020641370210796595,0.9979358911514282
point_2175.png,Fire,0.7244161367416382,0.7244161367416382,0.27558383345603943
point_4341.png,No_Fire,0.9988934397697449,0.0011066150618717074,0.9988934397697449
point_4099.png,No_Fire,0.9991402626037598,0.0008596554398536682,0.9991402626037598
point_193.png,No_Fire,0.9985149502754211,0.001485056127421558,0.9985149502754211
point_6000.png,No_Fire,0.9999672174453735,3.281586032244377e-05,0.9999672174453735
point_1064.png,No_Fire,0.9967021346092224,0.00329790823161602,0.9967021346092224
point_4327.png,No_Fire,0.9979116320610046,0.0020883616525679827,0.9979116320610046
point_5162.png,No_Fire,0.9999970197677612,2.9564403121185023e-06,0.9999970197677612
point_5628.png,No_Fire,0.9938077330589294,0.0061922152526676655,0.9938077330589294
point_6188.png,No_Fire,0.9999969005584717,3.097439503108035e-06,0.9999969005584717
point_6500.png,No_Fire,0.9998418092727661,0.00015816105587873608,0.9998418092727661
point_5615.png,Fire,1.0,1.0,2.9297861914301393e-09
point_3771.png,No_Fire,0.9996902942657471,0.0003097228182014078,0.9996902942657471
point_4949.png,No_Fire,0.9962654709815979,0.003734488505870104,0.9962654709815979
point_5444.png,No_Fire,0.9934191107749939,0.006580887828022242,0.9934191107749939
point_635.png,No_Fire,0.9968771934509277,0.003122850088402629,0.9968771934509277
point_3122.png,Fire,0.9999978542327881,0.9999978542327881,2.2028700641385512e-06
point_3736.png,No_Fire,0.9993440508842468,0.0006559742032550275,0.9993440508842468
point_2076.png,No_Fire,0.9954649806022644,0.004535083193331957,0.9954649806022644
point_755.png,No_Fire,0.9983261227607727,0.0016738470876589417,0.9983261227607727
point_7211.png,No_Fire,0.997568666934967,0.0024312781170010567,0.997568666934967
point_1054.png,No_Fire,0.9959955215454102,0.004004498012363911,0.9959955215454102
point_553.png,No_Fire,0.9959093332290649,0.004090685863047838,0.9959093332290649
point_6548.png,No_Fire,0.99974125623703,0.00025879134773276746,0.99974125623703
point_6292.png,No_Fire,0.9999206066131592,7.93572689872235e-05,0.9999206066131592
point_362.png,No_Fire,0.9998791217803955,0.00012087049981346354,0.9998791217803955
point_1057.png,No_Fire,0.9970703125,0.0029296455904841423,0.9970703125
point_3723.png,No_Fire,0.9891230463981628,0.010877013206481934,0.9891230463981628
point_385.png,No_Fire,0.9998849630355835,0.00011501494736876339,0.9998849630355835
point_3240.png,No_Fire,0.99608314037323,0.003916843794286251,0.99608314037323
point_6597.png,No_Fire,0.9999533891677856,4.6651392040075734e-05,0.9999533891677856
point_6469.png,No_Fire,0.9823399782180786,0.01765994355082512,0.9823399782180786
point_5179.png,No_Fire,0.994597315788269,0.005402659997344017,0.994597315788269
point_6715.png,No_Fire,0.9911252856254578,0.008874689228832722,0.9911252856254578
point_2179.png,Fire,0.9689198732376099,0.9689198732376099,0.031080162152647972
point_2004.png,No_Fire,0.9877825379371643,0.012217498384416103,0.9877825379371643
point_3746.png,No_Fire,0.9986838698387146,0.0013161234091967344,0.9986838698387146
point_8467.png,No_Fire,0.9941422343254089,0.005857747048139572,0.9941422343254089
point_6552.png,No_Fire,0.99290531873703,0.007094714790582657,0.99290531873703
point_3097.png,Fire,0.9981153011322021,0.9981153011322021,0.0018847370520234108
point_3586.png,No_Fire,0.9994589686393738,0.000541068846359849,0.9994589686393738
point_4590.png,No_Fire,0.9999310970306396,6.888534699101001e-05,0.9999310970306396
point_3593.png,No_Fire,0.9999864101409912,1.3645887520397082e-05,0.9999864101409912
point_167.png,No_Fire,0.9989691972732544,0.0010308208875358105,0.9989691972732544
point_865.png,No_Fire,0.9691933393478394,0.030806612223386765,0.9691933393478394
point_756.png,No_Fire,0.9989860653877258,0.0010139752412214875,0.9989860653877258
point_6300.png,No_Fire,0.9986681938171387,0.0013318316778168082,0.9986681938171387
point_202.png,No_Fire,0.9998034834861755,0.0001965552510228008,0.9998034834861755
point_8840.png,No_Fire,0.992656409740448,0.007343587931245565,0.992656409740448
point_4595.png,No_Fire,0.9999951124191284,4.869319127465133e-06,0.9999951124191284
point_5653.png,No_Fire,0.9981299042701721,0.001870054635219276,0.9981299042701721
point_4316.png,No_Fire,0.9978546500205994,0.0021452712826430798,0.9978546500205994
point_1225.png,No_Fire,0.9999252557754517,7.476362225133926e-05,0.9999252557754517
point_3345.png,No_Fire,0.9973168969154358,0.002683058148249984,0.9973168969154358
point_3644.png,No_Fire,0.9911224842071533,0.008877546526491642,0.9911224842071533
point_547.png,No_Fire,0.9991294741630554,0.0008705487125553191,0.9991294741630554
point_6156.png,No_Fire,0.9986053109169006,0.00139467918779701,0.9986053109169006
point_406.png,No_Fire,0.9990491271018982,0.0009508690563961864,0.9990491271018982
point_6610.png,No_Fire,0.9980676770210266,0.0019323739688843489,0.9980676770210266
point_3754.png,No_Fire,0.9957637786865234,0.0042361486703157425,0.9957637786865234
point_2419.png,No_Fire,0.9999831914901733,1.686356517893728e-05,0.9999831914901733
point_1409.png,No_Fire,0.9996169805526733,0.00038303848123177886,0.9996169805526733
point_3314.png,Fire,0.8707489371299744,0.8707489371299744,0.12925106287002563
point_5922.png,No_Fire,0.9999867677688599,1.3182519069232512e-05,0.9999867677688599
point_4948.png,No_Fire,0.9959099292755127,0.004090056288987398,0.9959099292755127
point_430.png,No_Fire,0.9922756552696228,0.007724342867732048,0.9922756552696228
point_2954.png,No_Fire,0.9835758805274963,0.016424141824245453,0.9835758805274963
point_530.png,No_Fire,0.9988792538642883,0.0011207083007320762,0.9988792538642883
point_4336.png,No_Fire,0.999085545539856,0.0009144333307631314,0.999085545539856
point_1290.png,No_Fire,0.9297298192977905,0.07027018815279007,0.9297298192977905
point_6178.png,No_Fire,0.9951928853988647,0.004807128570973873,0.9951928853988647
point_5841.png,No_Fire,0.9997195601463318,0.0002803937823045999,0.9997195601463318
point_212.png,No_Fire,0.9974485039710999,0.0025515230372548103,0.9974485039710999
point_5263.png,No_Fire,0.9971561431884766,0.002843819558620453,0.9971561431884766
point_5699.png,No_Fire,0.9999901056289673,9.880368452286348e-06,0.9999901056289673
point_4401.png,No_Fire,0.999269425868988,0.0007305642357096076,0.999269425868988
point_4311.png,No_Fire,0.9946780204772949,0.005322026088833809,0.9946780204772949
point_730.png,No_Fire,0.9973133206367493,0.002686598803848028,0.9973133206367493
point_404.png,No_Fire,0.9982231259346008,0.001776832970790565,0.9982231259346008
point_6007.png,No_Fire,0.9999679327011108,3.211956573068164e-05,0.9999679327011108
point_861.png,No_Fire,0.9920401573181152,0.00795983336865902,0.9920401573181152
point_4116.png,No_Fire,0.9872643947601318,0.01273562852293253,0.9872643947601318
point_3517.png,No_Fire,0.9959923624992371,0.004007638897746801,0.9959923624992371
point_5629.png,No_Fire,0.9978103041648865,0.0021897731348872185,0.9978103041648865
point_4772.png,No_Fire,0.9988424181938171,0.0011575635289773345,0.9988424181938171
point_4013.png,No_Fire,0.9999420642852783,5.792901720269583e-05,0.9999420642852783
point_1422.png,No_Fire,0.8890302777290344,0.11096971482038498,0.8890302777290344
point_1200.png,No_Fire,0.9999668598175049,3.3181779144797474e-05,0.9999668598175049
point_173.png,No_Fire,0.9989124536514282,0.0010875806910917163,0.9989124536514282
point_5160.png,No_Fire,0.999839186668396,0.00016076886095106602,0.999839186668396
point_3664.png,No_Fire,0.9999779462814331,2.2090649508754723e-05,0.9999779462814331
point_3087.png,No_Fire,0.9923892617225647,0.007610719185322523,0.9923892617225647
point_4328.png,No_Fire,0.9997610449790955,0.0002389156725257635,0.9997610449790955
point_6501.png,No_Fire,0.9984065890312195,0.0015934091061353683,0.9984065890312195
point_3703.png,No_Fire,0.9998971223831177,0.00010289331112289801,0.9998971223831177
point_6310.png,No_Fire,0.9996098875999451,0.00039018428651615977,0.9996098875999451
point_522.png,No_Fire,0.9956324696540833,0.004367486108094454,0.9956324696540833
point_6507.png,No_Fire,0.9986500144004822,0.001350001199170947,0.9986500144004822
point_6244.png,No_Fire,0.9996862411499023,0.00031374473473988473,0.9996862411499023
point_5990.png,No_Fire,0.997142493724823,0.0028575300239026546,0.997142493724823
point_3007.png,No_Fire,0.9989925026893616,0.001007534097880125,0.9989925026893616
point_2465.png,Fire,0.9998733997344971,0.9998733997344971,0.00012663145025726408
point_1470.png,No_Fire,0.9981312155723572,0.0018688358832150698,0.9981312155723572
point_1517.png,No_Fire,0.9981949925422668,0.0018049911595880985,0.9981949925422668
point_2441.png,No_Fire,0.9923489093780518,0.0076511325314641,0.9923489093780518
point_8842.png,No_Fire,0.9936816692352295,0.0063182939775288105,0.9936816692352295
point_3526.png,No_Fire,0.99998939037323,1.0663012290024199e-05,0.99998939037323
point_3836.png,No_Fire,0.7458648681640625,0.2541350722312927,0.7458648681640625
point_857.png,No_Fire,0.9882718920707703,0.011728063225746155,0.9882718920707703
point_1575.png,No_Fire,0.9998263716697693,0.0001736269041430205,0.9998263716697693
point_3753.png,No_Fire,0.9933940768241882,0.0066059548407793045,0.9933940768241882
point_3724.png,No_Fire,0.992133617401123,0.00786641426384449,0.992133617401123
point_1964.png,No_Fire,0.9916589856147766,0.008340991102159023,0.9916589856147766
point_2057.png,No_Fire,0.9899862408638,0.010013693012297153,0.9899862408638
point_1564.png,No_Fire,0.9966087341308594,0.0033912365324795246,0.9966087341308594
point_6198.png,No_Fire,0.9990355968475342,0.0009644015226513147,0.9990355968475342
point_2103.png,No_Fire,0.9910596013069153,0.008940448053181171,0.9910596013069153
point_3121.png,No_Fire,0.9989635944366455,0.0010363878682255745,0.9989635944366455
point_6018.png,No_Fire,0.9998986721038818,0.00010128531721420586,0.9998986721038818
point_1720.png,No_Fire,0.9965593218803406,0.0034406681079417467,0.9965593218803406
point_146.png,No_Fire,0.9986894726753235,0.001310535822995007,0.9986894726753235
point_1324.png,No_Fire,0.9988875985145569,0.0011124484008178115,0.9988875985145569
point_4701.png,No_Fire,0.9929163455963135,0.0070837195962667465,0.9929163455963135
point_546.png,No_Fire,0.9981244206428528,0.0018755471101030707,0.9981244206428528
point_5971.png,No_Fire,0.999998927116394,1.1128747701150132e-06,0.999998927116394
point_6459.png,No_Fire,0.9999798536300659,2.0120192857575603e-05,0.9999798536300659
point_2906.png,No_Fire,0.9982870221138,0.001712973229587078,0.9982870221138
point_3672.png,No_Fire,0.9961309432983398,0.0038691044319421053,0.9961309432983398
point_3622.png,No_Fire,0.9995624423027039,0.00043755501974374056,0.9995624423027039
point_5066.png,No_Fire,0.9999600648880005,3.993773498223163e-05,0.9999600648880005
point_7678.png,Fire,0.9999998807907104,0.9999998807907104,1.475462596545185e-07
point_1711.png,No_Fire,0.9990842342376709,0.0009157438180409372,0.9990842342376709
point_947.png,No_Fire,0.9988194108009338,0.0011805061949416995,0.9988194108009338
point_3376.png,No_Fire,0.9266060590744019,0.07339391857385635,0.9266060590744019
point_4344.png,No_Fire,0.9990712404251099,0.0009287458378821611,0.9990712404251099
point_6177.png,No_Fire,0.9944995641708374,0.0055003720335662365,0.9944995641708374
point_2131.png,No_Fire,0.9893766641616821,0.010623347945511341,0.9893766641616821
point_6096.png,No_Fire,0.9999938011169434,6.254873824218521e-06,0.9999938011169434
point_3751.png,No_Fire,0.9931997656822205,0.006800281815230846,0.9931997656822205
point_5264.png,No_Fire,0.697015643119812,0.3029842972755432,0.697015643119812
point_2368.png,No_Fire,0.9994024038314819,0.0005976204411126673,0.9994024038314819
point_5856.png,No_Fire,0.9999701976776123,2.974487688334193e-05,0.9999701976776123
point_836.png,No_Fire,0.9998146891593933,0.00018536321294959635,0.9998146891593933
point_2908.png,No_Fire,0.9998132586479187,0.00018679199274629354,0.9998132586479187
point_246.png,No_Fire,0.984774649143219,0.015225296840071678,0.984774649143219
point_5446.png,No_Fire,0.9971195459365845,0.0028804424218833447,0.9971195459365845
point_7997.png,No_Fire,0.9769682288169861,0.023031700402498245,0.9769682288169861
point_5701.png,No_Fire,0.9999830722808838,1.691494617261924e-05,0.9999830722808838
point_6627.png,No_Fire,0.999850869178772,0.00014910752361174673,0.999850869178772
point_5176.png,No_Fire,0.990213930606842,0.009786108508706093,0.990213930606842
point_3548.png,No_Fire,0.99969482421875,0.0003051582898478955,0.99969482421875
point_5616.png,Fire,0.9999998807907104,0.9999998807907104,7.696365855736076e-08
point_750.png,No_Fire,0.9997403025627136,0.0002596464764792472,0.9997403025627136
point_3745.png,No_Fire,0.9986982345581055,0.0013017227174714208,0.9986982345581055
point_6299.png,No_Fire,0.9970096349716187,0.0029903941322118044,0.9970096349716187
point_3667.png,No_Fire,0.9999713897705078,2.8623822800000198e-05,0.9999713897705078
point_4693.png,No_Fire,0.9989795088768005,0.001020512543618679,0.9989795088768005
point_2889.png,No_Fire,0.995836615562439,0.004163428209722042,0.995836615562439
point_3732.png,No_Fire,0.9971668124198914,0.002833131467923522,0.9971668124198914
point_3878.png,No_Fire,0.9959914088249207,0.004008572082966566,0.9959914088249207
point_4427.png,No_Fire,0.9993481040000916,0.0006519323796965182,0.9993481040000916
point_3725.png,No_Fire,0.9935070276260376,0.006493011023849249,0.9935070276260376
point_3581.png,No_Fire,0.9973642230033875,0.0026357395108789206,0.9973642230033875
point_224.png,No_Fire,0.9981525540351868,0.0018474743701517582,0.9981525540351868
point_2822.png,No_Fire,0.9105803966522217,0.08941961079835892,0.9105803966522217
point_5552.png,No_Fire,0.9826300740242004,0.017369868233799934,0.9826300740242004
point_873.png,No_Fire,0.846754252910614,0.15324579179286957,0.846754252910614
point_2370.png,No_Fire,0.9997265934944153,0.00027340243104845285,0.9997265934944153
point_3488.png,No_Fire,0.9993789196014404,0.0006210488500073552,0.9993789196014404
point_5520.png,No_Fire,0.9975881576538086,0.0024118528235703707,0.9975881576538086
point_2521.png,No_Fire,0.9964505434036255,0.0035494857002049685,0.9964505434036255
point_2452.png,No_Fire,0.9985608458518982,0.0014391917502507567,0.9985608458518982
point_2355.png,No_Fire,0.9987279772758484,0.0012720150407403708,0.9987279772758484
point_321.png,No_Fire,0.999737560749054,0.0002624444314278662,0.999737560749054
point_371.png,No_Fire,0.9972838163375854,0.0027162174228578806,0.9972838163375854
point_3053.png,Fire,0.9991006851196289,0.9991006851196289,0.0008993119117803872
point_6537.png,No_Fire,0.9994819760322571,0.0005180342704989016,0.9994819760322571
point_552.png,No_Fire,0.9845368266105652,0.015463219955563545,0.9845368266105652
point_4527.png,No_Fire,0.9993498921394348,0.0006500505842268467,0.9993498921394348
point_2443.png,No_Fire,0.9987934827804565,0.0012064494658261538,0.9987934827804565
point_366.png,No_Fire,0.990051805973053,0.009948190301656723,0.990051805973053
point_2334.png,No_Fire,0.9998464584350586,0.00015349037130363286,0.9998464584350586
point_1182.png,No_Fire,0.9954328536987305,0.004567212890833616,0.9954328536987305
point_3285.png,No_Fire,0.9996836185455322,0.0003163810761179775,0.9996836185455322
point_413.png,No_Fire,0.9990752935409546,0.0009246745030395687,0.9990752935409546
point_3742.png,No_Fire,0.9982945322990417,0.001705425325781107,0.9982945322990417
point_6169.png,No_Fire,0.9996844530105591,0.00031558400951325893,0.9996844530105591
point_6544.png,No_Fire,0.9999979734420776,1.984112486752565e-06,0.9999979734420776
point_1725.png,No_Fire,0.9998745918273926,0.00012541019532363862,0.9998745918273926
point_4876.png,No_Fire,0.9996918439865112,0.00030812766635790467,0.9996918439865112
point_876.png,No_Fire,0.9999626874923706,3.728809315362014e-05,0.9999626874923706
point_3941.png,No_Fire,0.9997537732124329,0.0002462028351146728,0.9997537732124329
point_509.png,No_Fire,0.9995380640029907,0.00046201617806218565,0.9995380640029907
point_3120.png,No_Fire,0.9993777275085449,0.0006222987431101501,0.9993777275085449
point_512.png,No_Fire,0.9994786381721497,0.0005214115954004228,0.9994786381721497
point_2428.png,No_Fire,0.9992369413375854,0.0007630762993358076,0.9992369413375854
point_3796.png,No_Fire,0.9955286383628845,0.004471358843147755,0.9955286383628845
point_1002.png,No_Fire,0.9670777320861816,0.032922275364398956,0.9670777320861816
point_5692.png,No_Fire,0.9993563294410706,0.0006436162511818111,0.9993563294410706
point_4135.png,No_Fire,0.9981740713119507,0.001825878513045609,0.9981740713119507
point_2409.png,No_Fire,0.9986897110939026,0.0013102906523272395,0.9986897110939026
point_3288.png,No_Fire,0.9993939399719238,0.0006060890736989677,0.9993939399719238
point_4125.png,No_Fire,0.9980602860450745,0.0019397203577682376,0.9980602860450745
point_1199.png,No_Fire,0.9999561309814453,4.386259752209298e-05,0.9999561309814453
point_1535.png,No_Fire,0.9965912103652954,0.003408854827284813,0.9965912103652954
point_528.png,No_Fire,0.988062858581543,0.011937206611037254,0.988062858581543
point_3286.png,No_Fire,0.999924898147583,7.509129500249401e-05,0.999924898147583
point_200.png,No_Fire,0.9989967942237854,0.0010031625861302018,0.9989967942237854
point_3308.png,Fire,0.9983614087104797,0.9983614087104797,0.0016385269118472934
point_1688.png,No_Fire,0.9997666478157043,0.0002333028387511149,0.9997666478157043
point_2951.png,No_Fire,0.9990893602371216,0.0009106759098358452,0.9990893602371216
point_431.png,No_Fire,0.9974969029426575,0.00250301999039948,0.9974969029426575
point_3119.png,No_Fire,0.9987725615501404,0.0012274776818230748,0.9987725615501404
point_49.png,No_Fire,0.9999876022338867,1.2387775313982274e-05,0.9999876022338867
point_5106.png,No_Fire,0.9997218251228333,0.0002781953662633896,0.9997218251228333
point_6197.png,No_Fire,0.999093770980835,0.0009062401368282735,0.999093770980835
point_5955.png,No_Fire,0.999616265296936,0.00038376255542971194,0.999616265296936
point_1584.png,No_Fire,0.9993797540664673,0.0006202458753250539,0.9993797540664673
point_3879.png,No_Fire,0.9984063506126404,0.0015936100389808416,0.9984063506126404
point_2095.png,No_Fire,0.9991782307624817,0.0008217052090913057,0.9991782307624817
point_4382.png,No_Fire,0.9995540976524353,0.00044592435006052256,0.9995540976524353
point_4330.png,No_Fire,0.9998311996459961,0.00016872448031790555,0.9998311996459961
point_6546.png,No_Fire,0.9999628067016602,3.7242214602883905e-05,0.9999628067016602
point_2890.png,No_Fire,0.9924697279930115,0.007530330680310726,0.9924697279930115
point_4877.png,No_Fire,0.9999433755874634,5.664877608069219e-05,0.9999433755874634
point_3348.png,No_Fire,0.9997005462646484,0.00029952239128760993,0.9997005462646484
point_556.png,No_Fire,0.9987439513206482,0.0012560951290652156,0.9987439513206482
point_3726.png,No_Fire,0.9981610178947449,0.001838967204093933,0.9981610178947449
point_623.png,No_Fire,0.99981290102005,0.00018708234711084515,0.99981290102005
point_2160.png,No_Fire,0.9985383749008179,0.0014616874977946281,0.9985383749008179
point_4252.png,No_Fire,0.9999862909317017,1.3706246136280242e-05,0.9999862909317017
point_3334.png,No_Fire,0.9995934367179871,0.0004066062392666936,0.9995934367179871
point_3344.png,No_Fire,0.9969608187675476,0.0030391986947506666,0.9969608187675476
point_5105.png,No_Fire,0.9998874664306641,0.0001125227936427109,0.9998874664306641
point_1574.png,No_Fire,0.995754599571228,0.004245437681674957,0.995754599571228
point_6302.png,No_Fire,0.9982252717018127,0.0017746910452842712,0.9982252717018127
point_6536.png,No_Fire,0.9998008608818054,0.0001991388708120212,0.9998008608818054
point_8843.png,No_Fire,0.993239164352417,0.006760865915566683,0.993239164352417
point_5161.png,No_Fire,0.999962568283081,3.7392674130387604e-05,0.999962568283081
point_5707.png,No_Fire,0.994130551815033,0.005869368556886911,0.994130551815033
point_3955.png,Fire,0.9999656677246094,0.9999656677246094,3.437709528952837e-05
point_6603.png,No_Fire,0.9999159574508667,8.405902190133929e-05,0.9999159574508667
point_762.png,No_Fire,0.9998693466186523,0.00013059396587777883,0.9998693466186523
point_3196.png,No_Fire,0.999863862991333,0.000136173126520589,0.999863862991333
point_3741.png,No_Fire,0.9989319443702698,0.0010680187260732055,0.9989319443702698
point_5154.png,No_Fire,0.9986238479614258,0.0013762115268036723,0.9986238479614258
point_5995.png,No_Fire,0.999987006187439,1.2966826943738852e-05,0.999987006187439
point_5389.png,Fire,0.7133278250694275,0.7133278250694275,0.2866721749305725
point_4964.png,No_Fire,0.9986802935600281,0.0013196378713473678,0.9986802935600281
point_184.png,No_Fire,0.9979246854782104,0.002075348747894168,0.9979246854782104
point_3486.png,No_Fire,0.9990554451942444,0.0009445250034332275,0.9990554451942444
point_2336.png,No_Fire,0.9999109506607056,8.90204610186629e-05,0.9999109506607056
point_6017.png,No_Fire,0.9983102083206177,0.0016898056492209435,0.9983102083206177
point_5982.png,No_Fire,0.9997383952140808,0.0002616439596749842,0.9997383952140808
point_2302.png,No_Fire,0.9942159056663513,0.005784089211374521,0.9942159056663513
point_6190.png,No_Fire,0.9944055080413818,0.005594533868134022,0.9944055080413818
point_6444.png,No_Fire,0.9999910593032837,8.98665894055739e-06,0.9999910593032837
point_7921.png,No_Fire,0.9908050298690796,0.009194944985210896,0.9908050298690796
point_6303.png,No_Fire,0.9961084723472595,0.0038914643228054047,0.9961084723472595
point_5312.png,No_Fire,0.9996566772460938,0.0003433612291701138,0.9996566772460938
point_2386.png,No_Fire,0.9990310668945312,0.0009689531289041042,0.9990310668945312
point_3589.png,No_Fire,0.9987921118736267,0.0012079541338607669,0.9987921118736267
point_1086.png,No_Fire,0.9994039535522461,0.0005960276466794312,0.9994039535522461
point_5622.png,No_Fire,0.9996482133865356,0.0003517714503686875,0.9996482133865356
point_5091.png,No_Fire,0.9938064813613892,0.006193586625158787,0.9938064813613892
point_6309.png,No_Fire,0.9995298385620117,0.0004701231955550611,0.9995298385620117
point_3799.png,No_Fire,0.9989748001098633,0.001025267643854022,0.9989748001098633
point_3807.png,No_Fire,0.9999982118606567,1.7395393570041051e-06,0.9999982118606567
point_2869.png,No_Fire,0.9992672801017761,0.0007327075581997633,0.9992672801017761
point_2430.png,No_Fire,0.9984694123268127,0.0015305322594940662,0.9984694123268127
point_5490.png,No_Fire,0.9973996877670288,0.002600322011858225,0.9973996877670288
point_2971.png,No_Fire,0.9993301630020142,0.0006698587676510215,0.9993301630020142
point_3239.png,No_Fire,0.9963343143463135,0.003665674477815628,0.9963343143463135
point_5619.png,No_Fire,0.9958464503288269,0.004153609741479158,0.9958464503288269
point_3132.png,No_Fire,0.9984766840934753,0.0015233459416776896,0.9984766840934753
point_6173.png,No_Fire,0.9999830722808838,1.6902222341741435e-05,0.9999830722808838
point_2056.png,No_Fire,0.9955921769142151,0.0044078463688492775,0.9955921769142151
point_3761.png,No_Fire,0.8868063688278198,0.11319368332624435,0.8868063688278198
point_3922.png,Fire,1.0,1.0,3.0397779698107877e-14
point_503.png,No_Fire,0.9834923148155212,0.016507741063833237,0.9834923148155212
point_5613.png,No_Fire,0.9972208738327026,0.0027791575994342566,0.9972208738327026
point_4040.png,No_Fire,0.9972586631774902,0.002741257194429636,0.9972586631774902
point_4096.png,No_Fire,0.999974250793457,2.570954166003503e-05,0.999974250793457
point_5972.png,No_Fire,0.9995852112770081,0.0004147469880990684,0.9995852112770081
point_6182.png,No_Fire,0.9907935261726379,0.00920642539858818,0.9907935261726379
point_3646.png,No_Fire,0.9915905594825745,0.008409441448748112,0.9915905594825745
point_1694.png,No_Fire,0.9996669292449951,0.00033306435216218233,0.9996669292449951
point_1326.png,No_Fire,0.9975863695144653,0.0024136179126799107,0.9975863695144653
point_4404.png,No_Fire,0.9952226281166077,0.0047774165868759155,0.9952226281166077
point_3049.png,No_Fire,0.9975311160087585,0.0024689435958862305,0.9975311160087585
point_3490.png,No_Fire,0.999019980430603,0.000980018638074398,0.999019980430603
point_5497.png,No_Fire,0.9989712238311768,0.0010287556797266006,0.9989712238311768
point_5310.png,No_Fire,0.9999799728393555,2.0078101442777552e-05,0.9999799728393555
point_6273.png,No_Fire,0.9997816681861877,0.00021837654639966786,0.9997816681861877
point_4408.png,No_Fire,0.9999988079071045,1.1363750900272862e-06,0.9999988079071045
point_1715.png,No_Fire,0.9998261332511902,0.00017394937458448112,0.9998261332511902
point_904.png,No_Fire,0.9989225268363953,0.0010774435941129923,0.9989225268363953
point_6493.png,No_Fire,0.9999505281448364,4.9488960939925164e-05,0.9999505281448364
point_4302.png,No_Fire,0.9996564388275146,0.00034350724308751523,0.9996564388275146
point_5251.png,No_Fire,0.9999376535415649,6.229309656191617e-05,0.9999376535415649
point_6162.png,No_Fire,0.9800350666046143,0.01996491476893425,0.9800350666046143
point_5765.png,No_Fire,0.9987558126449585,0.0012441936414688826,0.9987558126449585
point_2893.png,No_Fire,0.9966465830802917,0.0033533957321196795,0.9966465830802917
point_934.png,No_Fire,0.9972105622291565,0.0027894459199160337,0.9972105622291565
point_5989.png,No_Fire,0.9951549768447876,0.004845046438276768,0.9951549768447876
point_6598.png,No_Fire,0.9926629066467285,0.0073370481841266155,0.9926629066467285
point_3729.png,No_Fire,0.9970851540565491,0.0029148366302251816,0.9970851540565491
point_1567.png,No_Fire,0.9999473094940186,5.263570710667409e-05,0.9999473094940186
point_2498.png,No_Fire,0.9999771118164062,2.2891479602549225e-05,0.9999771118164062
point_3228.png,No_Fire,0.9999637603759766,3.6291479773353785e-05,0.9999637603759766
point_5718.png,Fire,0.9985787868499756,0.9985787868499756,0.0014212297974154353
point_626.png,No_Fire,0.9960746765136719,0.003925390541553497,0.9960746765136719
point_856.png,No_Fire,0.9905211925506592,0.009478780440986156,0.9905211925506592
point_6196.png,No_Fire,0.998995840549469,0.0010042025242000818,0.998995840549469
point_828.png,No_Fire,0.9920827150344849,0.007917297072708607,0.9920827150344849
point_5450.png,No_Fire,0.9996762275695801,0.0003237591590732336,0.9996762275695801
